id,id_alumno,id_aplicacion,carrera,promedio_anterior,semestre,materias,transporte,familiares,trabajo,beca,sexo,edad,estado_civil,fecha_aplicacion,fecha_fin,promedio_ansiedad,suma_ansiedad,num_preguntas,categoria,ansiedad_familia,ansiedad_escuela,ansiedad_social,nivel_ansiedad
786,2512,3,IINF,84.8,10,5,2,0,0,0,M,21,Soltero,2025-04-01,2025-04-04,0.2857,2.0,7,ansiedad,,,,Bajo
787,2513,3,ISC,81.4,9,8,1,0,0,1,F,18,Soltero,2025-04-01,2025-04-04,1.2857,9.0,7,ansiedad,,,,Medio
788,2514,3,ISC,87.8,7,4,3,0,0,1,M,28,Soltero,2025-04-01,2025-04-04,0.0,0.0,7,ansiedad,,,,
789,2515,3,IGE,77.6,7,7,2,0,0,1,M,21,Soltero,2025-04-01,2025-04-04,0.0,0.0,7,ansiedad,,,,
790,2516,3,IINF,86.7,1,6,1,0,1,0,M,25,Soltero,2025-04-01,2025-04-04,0.2857,2.0,7,ansiedad,,,,Bajo
791,2517,3,IINF,85.4,7,4,3,0,1,0,M,24,Soltero,2025-04-01,2025-04-04,0.5714,4.0,7,ansiedad,,,,Bajo
792,2518,3,ICD,70.7,6,7,3,0,0,0,M,21,Soltero,2025-04-01,2025-04-04,0.1429,1.0,7,ansiedad,,,,Bajo
793,2519,3,IGE,77.7,5,5,2,0,0,0,M,18,Casado,2025-04-01,2025-04-04,0.2857,2.0,7,ansiedad,,,,Bajo
794,2520,3,ICD,90.5,1,6,2,0,0,0,F,26,Casado,2025-04-01,2025-04-04,0.8571,6.0,7,ansiedad,,,,Bajo
795,2521,3,ICD,74.8,3,4,3,0,1,0,M,27,Soltero,2025-04-01,2025-04-04,0.7143,5.0,7,ansiedad,,,,Bajo
796,2522,3,IINF,91.6,1,6,1,0,0,0,F,27,Soltero,2025-04-01,2025-04-04,0.2857,2.0,7,ansiedad,,,,Bajo
797,2523,3,ISC,78.1,9,6,1,0,0,0,F,25,Soltero,2025-04-01,2025-04-04,0.0,0.0,7,ansiedad,,,,
798,2524,3,IGE,76.8,8,5,1,0,1,1,M,18,Soltero,2025-04-01,2025-04-04,0.4286,3.0,7,ansiedad,,,,Bajo
799,2525,3,ISC,75.3,9,7,2,0,0,0,F,19,Soltero,2025-04-01,2025-04-04,0.4286,3.0,7,ansiedad,,,,Bajo
800,2526,3,ICD,77.6,8,4,3,0,1,0,M,23,Soltero,2025-04-01,2025-04-04,0.7143,5.0,7,ansiedad,,,,Bajo
801,2527,3,ICD,77.5,4,4,2,0,0,0,M,20,Soltero,2025-04-01,2025-04-04,0.4286,3.0,7,ansiedad,,,,Bajo
802,2528,3,ICD,84.1,1,4,3,0,0,0,F,18,Casado,2025-04-01,2025-04-04,0.0,0.0,7,ansiedad,,,,
803,2529,3,ISC,71.6,1,5,0,0,0,0,F,27,Soltero,2025-04-01,2025-04-04,0.0,0.0,7,ansiedad,,,,
804,2530,3,IINF,88.4,10,8,2,0,1,0,F,24,Soltero,2025-04-01,2025-04-04,1.0,7.0,7,ansiedad,,,,Bajo
805,2531,3,IGE,87.9,1,7,0,0,0,1,F,24,Soltero,2025-04-01,2025-04-04,0.0,0.0,7,ansiedad,,,,
806,2532,3,ISC,73.8,3,7,2,0,0,0,F,18,Soltero,2025-04-01,2025-04-04,1.4286,10.0,7,ansiedad,,,,Medio
807,2533,3,ICD,71.0,7,5,0,0,1,0,F,26,Soltero,2025-04-01,2025-04-04,0.8571,6.0,7,ansiedad,,,,Bajo
808,2534,3,ICD,89.2,4,6,3,0,1,0,F,27,Soltero,2025-04-01,2025-04-04,0.5714,4.0,7,ansiedad,,,,Bajo
809,2535,3,IINF,82.0,4,7,3,0,0,1,M,25,Casado,2025-04-01,2025-04-04,0.0,0.0,7,ansiedad,,,,
810,2536,3,ISC,91.0,2,6,1,0,0,0,M,28,Soltero,2025-04-01,2025-04-04,0.1429,1.0,7,ansiedad,,,,Bajo
811,2537,3,IGE,78.8,3,7,3,0,0,1,M,19,Soltero,2025-04-01,2025-04-04,0.4286,3.0,7,ansiedad,,,,Bajo
812,2538,3,IGE,81.0,3,7,2,0,1,0,F,25,Soltero,2025-04-01,2025-04-04,0.1429,1.0,7,ansiedad,,,,Bajo
813,2539,3,ISC,80.2,10,4,1,0,0,0,M,25,Soltero,2025-04-01,2025-04-04,0.5714,4.0,7,ansiedad,,,,Bajo
814,2540,3,IGE,94.9,9,7,2,0,0,0,M,18,Casado,2025-04-01,2025-04-04,0.0,0.0,7,ansiedad,,,,
815,2541,3,IINF,92.7,9,6,3,0,0,0,F,23,Soltero,2025-04-01,2025-04-04,0.2857,2.0,7,ansiedad,,,,Bajo
816,2542,3,IINF,86.5,2,6,0,0,0,0,M,25,Soltero,2025-04-01,2025-04-04,0.5714,4.0,7,ansiedad,,,,Bajo
817,2543,3,IGE,80.2,4,6,0,0,1,1,M,22,Soltero,2025-04-01,2025-04-04,0.5714,4.0,7,ansiedad,,,,Bajo
818,2544,3,IGE,84.9,7,8,2,0,0,0,F,27,Soltero,2025-04-01,2025-04-04,0.0,0.0,7,ansiedad,,,,
819,2545,3,IINF,86.3,10,4,2,0,0,0,F,18,Soltero,2025-04-01,2025-04-04,0.0,0.0,7,ansiedad,,,,
820,2546,3,ISC,93.2,5,5,2,0,0,1,M,26,Soltero,2025-04-01,2025-04-04,0.0,0.0,7,ansiedad,,,,
821,2547,3,ICD,77.9,1,6,1,0,0,0,M,20,Soltero,2025-04-01,2025-04-04,0.8571,6.0,7,ansiedad,,,,Bajo
822,2548,3,ISC,82.5,4,4,2,0,0,1,F,23,Soltero,2025-04-01,2025-04-04,0.8571,6.0,7,ansiedad,,,,Bajo
823,2549,3,ISC,91.9,8,6,1,0,0,0,F,19,Soltero,2025-04-01,2025-04-04,1.1429,8.0,7,ansiedad,,,,Medio
824,2550,3,IGE,86.8,3,8,2,0,0,0,F,20,Soltero,2025-04-01,2025-04-04,0.5714,4.0,7,ansiedad,,,,Bajo
825,2551,3,ISC,85.3,5,5,0,0,0,0,F,28,Soltero,2025-04-01,2025-04-04,0.4286,3.0,7,ansiedad,,,,Bajo
826,2552,3,ISC,84.9,7,4,1,0,0,0,M,20,Soltero,2025-04-01,2025-04-04,0.2857,2.0,7,ansiedad,,,,Bajo
827,2553,3,IINF,85.2,4,4,0,0,0,0,M,23,Soltero,2025-04-01,2025-04-04,0.7143,5.0,7,ansiedad,,,,Bajo
828,2554,3,ICD,73.9,3,4,3,0,0,0,M,21,Soltero,2025-04-01,2025-04-04,0.2857,2.0,7,ansiedad,,,,Bajo
829,2555,3,ISC,79.2,9,4,0,0,0,0,F,23,Soltero,2025-04-01,2025-04-04,0.0,0.0,7,ansiedad,,,,
830,2556,3,IINF,74.7,2,7,0,0,0,0,F,21,Soltero,2025-04-01,2025-04-04,0.0,0.0,7,ansiedad,,,,
831,2557,3,ICD,80.0,9,7,1,0,1,0,M,21,Soltero,2025-04-01,2025-04-04,0.2857,2.0,7,ansiedad,,,,Bajo
832,2558,3,IINF,80.1,2,8,3,0,1,0,F,23,Casado,2025-04-01,2025-04-04,0.5714,4.0,7,ansiedad,,,,Bajo
833,2559,3,IGE,75.3,7,8,3,0,1,0,M,28,Casado,2025-04-01,2025-04-04,0.1429,1.0,7,ansiedad,,,,Bajo
834,2560,3,IINF,92.1,10,6,3,0,0,0,M,19,Soltero,2025-04-01,2025-04-04,0.0,0.0,7,ansiedad,,,,
835,2561,3,ISC,85.2,2,6,0,0,0,0,M,28,Soltero,2025-04-01,2025-04-04,1.4286,10.0,7,ansiedad,,,,Medio
836,2562,3,ISC,92.6,3,5,3,0,0,0,M,26,Soltero,2025-04-01,2025-04-04,0.4286,3.0,7,ansiedad,,,,Bajo
837,2563,3,IGE,71.1,8,8,3,0,0,0,F,18,Soltero,2025-04-01,2025-04-04,0.5714,4.0,7,ansiedad,,,,Bajo
838,2564,3,ISC,73.5,6,6,0,0,1,0,F,25,Soltero,2025-04-01,2025-04-04,1.4286,10.0,7,ansiedad,,,,Medio
839,2565,3,ICD,74.4,7,7,1,0,0,0,M,20,Soltero,2025-04-01,2025-04-04,0.7143,5.0,7,ansiedad,,,,Bajo
840,2566,3,ISC,88.2,8,4,1,0,0,0,F,20,Soltero,2025-04-01,2025-04-04,1.4286,10.0,7,ansiedad,,,,Medio
841,2567,3,IINF,91.7,5,7,1,0,0,0,M,25,Soltero,2025-04-01,2025-04-04,0.2857,2.0,7,ansiedad,,,,Bajo
842,2568,3,IINF,91.3,5,6,3,0,1,0,F,28,Soltero,2025-04-01,2025-04-04,0.0,0.0,7,ansiedad,,,,
843,2569,3,ISC,70.7,3,7,1,0,1,1,M,26,Soltero,2025-04-01,2025-04-04,0.2857,2.0,7,ansiedad,,,,Bajo
844,2570,3,ICD,94.8,7,5,3,0,0,0,M,18,Soltero,2025-04-01,2025-04-04,0.7143,5.0,7,ansiedad,,,,Bajo
845,2571,3,ISC,70.4,5,8,3,0,0,0,M,19,Casado,2025-04-01,2025-04-04,0.1429,1.0,7,ansiedad,,,,Bajo
846,2572,3,ICD,70.5,2,7,3,0,0,0,M,25,Casado,2025-04-01,2025-04-04,1.0,7.0,7,ansiedad,,,,Bajo
847,2573,3,ISC,76.4,10,5,0,0,0,0,F,20,Soltero,2025-04-01,2025-04-04,0.4286,3.0,7,ansiedad,,,,Bajo
848,2574,3,IGE,80.8,8,6,2,0,0,1,F,22,Soltero,2025-04-01,2025-04-04,0.2857,2.0,7,ansiedad,,,,Bajo
849,2575,3,ICD,73.4,5,6,2,0,1,0,F,19,Soltero,2025-04-01,2025-04-04,0.7143,5.0,7,ansiedad,,,,Bajo
850,2576,3,ICD,76.5,7,6,1,0,0,0,F,19,Soltero,2025-04-01,2025-04-04,0.0,0.0,7,ansiedad,,,,
851,2577,3,IGE,93.1,5,8,2,0,0,0,M,20,Casado,2025-04-01,2025-04-04,0.1429,1.0,7,ansiedad,,,,Bajo
852,2578,3,IGE,73.3,5,4,3,0,1,0,M,20,Casado,2025-04-01,2025-04-04,0.7143,5.0,7,ansiedad,,,,Bajo
853,2579,3,ISC,88.2,10,4,2,0,0,0,F,28,Soltero,2025-04-01,2025-04-04,0.7143,5.0,7,ansiedad,,,,Bajo
854,2580,3,IINF,94.0,2,6,3,0,0,0,F,24,Casado,2025-04-01,2025-04-04,0.1429,1.0,7,ansiedad,,,,Bajo
855,2581,3,IINF,71.5,4,8,3,0,0,0,M,20,Soltero,2025-04-01,2025-04-04,0.7143,5.0,7,ansiedad,,,,Bajo
856,2582,3,IGE,72.7,8,5,1,0,0,0,M,21,Casado,2025-04-01,2025-04-04,0.8571,6.0,7,ansiedad,,,,Bajo
857,2583,3,ICD,72.1,2,8,3,0,0,0,M,19,Soltero,2025-04-01,2025-04-04,0.8571,6.0,7,ansiedad,,,,Bajo
858,2584,3,ISC,80.3,1,8,1,0,1,0,M,27,Soltero,2025-04-01,2025-04-04,0.7143,5.0,7,ansiedad,,,,Bajo
859,2585,3,IINF,72.1,8,7,3,0,0,0,F,26,Soltero,2025-04-01,2025-04-04,0.7143,5.0,7,ansiedad,,,,Bajo
860,2586,3,ICD,92.8,8,7,0,0,1,0,F,21,Soltero,2025-04-01,2025-04-04,0.5714,4.0,7,ansiedad,,,,Bajo
861,2587,3,ISC,92.1,10,5,1,0,0,0,M,20,Soltero,2025-04-01,2025-04-04,0.1429,1.0,7,ansiedad,,,,Bajo
862,2588,3,ISC,86.2,7,4,0,0,1,0,M,24,Casado,2025-04-01,2025-04-04,0.2857,2.0,7,ansiedad,,,,Bajo
863,2589,3,IGE,85.4,2,8,1,0,0,0,F,18,Soltero,2025-04-01,2025-04-04,0.2857,2.0,7,ansiedad,,,,Bajo
864,2590,3,ISC,72.3,9,5,0,0,0,0,M,23,Casado,2025-04-01,2025-04-04,0.2857,2.0,7,ansiedad,,,,Bajo
865,2591,3,IGE,88.9,10,6,2,0,0,0,F,24,Soltero,2025-04-01,2025-04-04,0.5714,4.0,7,ansiedad,,,,Bajo
866,2592,3,IINF,75.3,4,8,3,0,1,0,F,25,Casado,2025-04-01,2025-04-04,0.0,0.0,7,ansiedad,,,,
867,2593,3,ISC,79.6,6,4,1,0,0,0,F,22,Soltero,2025-04-01,2025-04-04,0.0,0.0,7,ansiedad,,,,
868,2594,3,ISC,88.5,5,8,3,0,1,1,F,21,Casado,2025-04-01,2025-04-04,0.7143,5.0,7,ansiedad,,,,Bajo
869,2595,3,ICD,73.7,10,8,2,0,1,0,F,25,Soltero,2025-04-01,2025-04-04,0.0,0.0,7,ansiedad,,,,
870,2596,3,IGE,86.8,5,5,2,0,1,0,F,26,Soltero,2025-04-01,2025-04-04,0.0,0.0,7,ansiedad,,,,
871,2597,3,ISC,86.4,6,7,1,0,0,0,F,19,Soltero,2025-04-01,2025-04-04,0.5714,4.0,7,ansiedad,,,,Bajo
872,2598,3,ICD,87.4,5,6,3,0,0,1,M,25,Soltero,2025-04-01,2025-04-04,0.7143,5.0,7,ansiedad,,,,Bajo
873,2599,3,ISC,93.3,2,7,0,0,0,1,F,18,Soltero,2025-04-01,2025-04-04,0.7143,5.0,7,ansiedad,,,,Bajo
874,2600,3,IGE,93.0,2,4,0,0,1,1,F,19,Soltero,2025-04-01,2025-04-04,0.1429,1.0,7,ansiedad,,,,Bajo
875,2601,3,ISC,79.2,9,7,0,0,1,0,M,20,Soltero,2025-04-01,2025-04-04,0.1429,1.0,7,ansiedad,,,,Bajo
876,2602,3,ICD,82.9,10,7,1,0,0,0,F,28,Casado,2025-04-01,2025-04-04,0.5714,4.0,7,ansiedad,,,,Bajo
877,2603,3,IGE,84.3,8,5,2,0,0,0,M,26,Casado,2025-04-01,2025-04-04,0.4286,3.0,7,ansiedad,,,,Bajo
878,2604,3,ICD,79.9,10,8,3,0,0,0,F,28,Soltero,2025-04-01,2025-04-04,0.1429,1.0,7,ansiedad,,,,Bajo
879,2605,3,IINF,83.7,2,6,1,0,0,1,M,21,Soltero,2025-04-01,2025-04-04,0.5714,4.0,7,ansiedad,,,,Bajo
880,2606,3,IINF,86.1,9,8,0,0,0,1,F,26,Soltero,2025-04-01,2025-04-04,0.4286,3.0,7,ansiedad,,,,Bajo
881,2607,3,ICD,72.1,2,7,0,0,0,0,F,19,Soltero,2025-04-01,2025-04-04,0.8571,6.0,7,ansiedad,,,,Bajo
882,2608,3,ISC,82.8,3,4,1,0,0,0,M,23,Soltero,2025-04-01,2025-04-04,0.0,0.0,7,ansiedad,,,,
883,2609,3,IGE,83.8,5,8,0,0,0,0,M,21,Casado,2025-04-01,2025-04-04,0.0,0.0,7,ansiedad,,,,
884,2610,3,ISC,83.8,10,7,1,0,0,0,M,27,Soltero,2025-04-01,2025-04-04,0.0,0.0,7,ansiedad,,,,
885,2611,3,IGE,86.0,2,7,0,0,1,0,M,24,Soltero,2025-04-01,2025-04-04,0.4286,3.0,7,ansiedad,,,,Bajo
886,2612,3,IGE,84.3,10,6,1,0,1,1,F,21,Casado,2025-04-01,2025-04-04,0.4286,3.0,7,ansiedad,,,,Bajo
887,2613,3,ICD,81.2,2,6,1,0,1,0,M,19,Soltero,2025-04-01,2025-04-04,0.1429,1.0,7,ansiedad,,,,Bajo
888,2614,3,IGE,78.6,5,8,2,0,1,0,F,27,Casado,2025-04-01,2025-04-04,1.4286,10.0,7,ansiedad,,,,Medio
889,2615,3,IINF,86.0,6,5,0,0,1,0,F,21,Soltero,2025-04-01,2025-04-04,0.0,0.0,7,ansiedad,,,,
890,2616,3,ICD,94.9,5,4,0,0,0,1,F,20,Soltero,2025-04-01,2025-04-04,0.2857,2.0,7,ansiedad,,,,Bajo
891,2617,3,ICD,71.3,9,7,3,0,1,0,M,28,Soltero,2025-04-01,2025-04-04,0.1429,1.0,7,ansiedad,,,,Bajo
892,2618,3,IINF,94.6,9,5,2,0,0,0,F,18,Soltero,2025-04-01,2025-04-04,0.5714,4.0,7,ansiedad,,,,Bajo
893,2619,3,IGE,83.9,9,7,1,0,0,0,M,21,Soltero,2025-04-01,2025-04-04,0.1429,1.0,7,ansiedad,,,,Bajo
894,2620,3,IGE,92.3,6,5,1,0,0,0,M,21,Soltero,2025-04-01,2025-04-04,0.0,0.0,7,ansiedad,,,,
895,2621,3,ISC,76.6,5,7,0,0,1,0,M,28,Casado,2025-04-01,2025-04-04,0.0,0.0,7,ansiedad,,,,
896,2622,3,ISC,70.2,3,7,2,0,0,0,M,21,Soltero,2025-04-01,2025-04-04,0.2857,2.0,7,ansiedad,,,,Bajo
897,2623,3,ICD,87.8,9,4,2,0,1,0,M,25,Soltero,2025-04-01,2025-04-04,0.5714,4.0,7,ansiedad,,,,Bajo
898,2624,3,IGE,81.2,1,5,2,0,0,0,M,23,Casado,2025-04-01,2025-04-04,0.4286,3.0,7,ansiedad,,,,Bajo
899,2625,3,IGE,86.9,8,6,1,0,1,0,M,19,Casado,2025-04-01,2025-04-04,0.7143,5.0,7,ansiedad,,,,Bajo
900,2626,3,IGE,81.2,9,4,2,0,1,0,F,27,Soltero,2025-04-01,2025-04-04,0.5714,4.0,7,ansiedad,,,,Bajo
901,2627,3,ICD,70.8,8,8,3,0,0,0,F,19,Soltero,2025-04-01,2025-04-04,0.2857,2.0,7,ansiedad,,,,Bajo
902,2628,3,ICD,75.1,10,5,3,0,0,1,F,19,Soltero,2025-04-01,2025-04-04,1.0,7.0,7,ansiedad,,,,Bajo
903,2629,3,IINF,73.7,3,4,1,0,0,0,M,23,Soltero,2025-04-01,2025-04-04,1.4286,10.0,7,ansiedad,,,,Medio
904,2630,3,ISC,70.8,8,8,3,0,0,0,F,28,Soltero,2025-04-01,2025-04-04,0.7143,5.0,7,ansiedad,,,,Bajo
905,2631,3,ISC,78.6,1,4,3,0,1,0,F,28,Soltero,2025-04-01,2025-04-04,0.0,0.0,7,ansiedad,,,,
906,2632,3,ISC,70.6,5,6,2,0,1,0,M,24,Soltero,2025-04-01,2025-04-04,0.1429,1.0,7,ansiedad,,,,Bajo
907,2633,3,IINF,72.6,5,6,0,0,0,0,M,27,Soltero,2025-04-01,2025-04-04,0.2857,2.0,7,ansiedad,,,,Bajo
908,2634,3,IINF,87.6,9,5,2,0,1,0,M,20,Soltero,2025-04-01,2025-04-04,0.4286,3.0,7,ansiedad,,,,Bajo
909,2635,3,ISC,72.7,9,8,2,0,0,0,F,18,Soltero,2025-04-01,2025-04-04,0.7143,5.0,7,ansiedad,,,,Bajo
910,2636,3,ISC,70.5,4,7,1,0,1,0,M,21,Soltero,2025-04-01,2025-04-04,0.5714,4.0,7,ansiedad,,,,Bajo
911,2637,3,IINF,72.5,1,8,1,0,0,0,F,23,Soltero,2025-04-01,2025-04-04,0.5714,4.0,7,ansiedad,,,,Bajo
912,2638,3,ICD,92.3,3,8,3,0,1,0,M,22,Soltero,2025-04-01,2025-04-04,0.8571,6.0,7,ansiedad,,,,Bajo
913,2639,3,IINF,94.7,7,8,0,0,1,0,M,19,Casado,2025-04-01,2025-04-04,0.1429,1.0,7,ansiedad,,,,Bajo
914,2640,3,ISC,91.8,10,8,0,0,0,0,F,27,Casado,2025-04-01,2025-04-04,0.1429,1.0,7,ansiedad,,,,Bajo
915,2641,3,IGE,90.2,10,5,0,0,1,1,F,21,Soltero,2025-04-01,2025-04-04,1.2857,9.0,7,ansiedad,,,,Medio
916,2642,3,ISC,84.1,6,5,1,0,1,0,M,24,Soltero,2025-04-01,2025-04-04,0.2857,2.0,7,ansiedad,,,,Bajo
917,2643,3,ISC,88.7,10,6,3,0,1,0,M,19,Soltero,2025-04-01,2025-04-04,0.0,0.0,7,ansiedad,,,,
918,2644,3,IINF,77.9,3,5,0,0,0,1,M,27,Soltero,2025-04-01,2025-04-04,0.4286,3.0,7,ansiedad,,,,Bajo
919,2645,3,IINF,74.5,8,5,3,0,0,0,M,24,Soltero,2025-04-01,2025-04-04,0.8571,6.0,7,ansiedad,,,,Bajo
920,2646,3,IINF,92.3,1,6,1,0,0,1,M,21,Soltero,2025-04-01,2025-04-04,0.0,0.0,7,ansiedad,,,,
921,2647,3,IGE,82.6,8,4,0,0,0,0,M,21,Soltero,2025-04-01,2025-04-04,1.0,7.0,7,ansiedad,,,,Bajo
922,2648,3,IGE,84.8,5,4,0,0,1,0,F,23,Soltero,2025-04-01,2025-04-04,0.4286,3.0,7,ansiedad,,,,Bajo
923,2649,3,IINF,88.2,10,8,2,0,0,0,F,24,Soltero,2025-04-01,2025-04-04,0.0,0.0,7,ansiedad,,,,
924,2650,3,IGE,73.4,10,8,2,0,0,0,F,22,Soltero,2025-04-01,2025-04-04,0.8571,6.0,7,ansiedad,,,,Bajo
925,2651,3,ICD,79.2,4,7,2,0,0,1,F,20,Soltero,2025-04-01,2025-04-04,0.0,0.0,7,ansiedad,,,,
926,2652,3,IGE,79.7,9,6,2,0,0,0,M,22,Soltero,2025-04-01,2025-04-04,0.2857,2.0,7,ansiedad,,,,Bajo
927,2653,3,ISC,87.6,4,6,1,0,0,1,F,20,Soltero,2025-04-01,2025-04-04,0.0,0.0,7,ansiedad,,,,
928,2654,3,ICD,92.3,7,5,3,0,0,0,M,27,Soltero,2025-04-01,2025-04-04,0.1429,1.0,7,ansiedad,,,,Bajo
929,2655,3,ISC,71.2,10,6,3,0,0,0,M,27,Casado,2025-04-01,2025-04-04,1.0,7.0,7,ansiedad,,,,Bajo
930,2656,3,IGE,85.0,10,6,0,0,0,1,F,25,Soltero,2025-04-01,2025-04-04,0.1429,1.0,7,ansiedad,,,,Bajo
931,2657,3,IGE,90.6,9,4,2,0,0,0,F,25,Soltero,2025-04-01,2025-04-04,0.0,0.0,7,ansiedad,,,,
932,2658,3,ICD,75.1,4,4,2,0,1,0,F,26,Casado,2025-04-01,2025-04-04,0.0,0.0,7,ansiedad,,,,
933,2659,3,IINF,94.0,1,6,2,0,0,0,M,19,Casado,2025-04-01,2025-04-04,0.5714,4.0,7,ansiedad,,,,Bajo
934,2660,3,IINF,70.3,1,4,0,0,0,0,M,26,Casado,2025-04-01,2025-04-04,0.0,0.0,7,ansiedad,,,,
935,2661,3,IGE,94.2,10,7,0,0,1,0,F,26,Soltero,2025-04-01,2025-04-04,0.1429,1.0,7,ansiedad,,,,Bajo
936,2662,3,IGE,83.7,3,5,3,0,1,0,M,21,Casado,2025-04-01,2025-04-04,0.5714,4.0,7,ansiedad,,,,Bajo
937,2663,3,IINF,84.0,2,4,3,0,1,1,M,28,Soltero,2025-04-01,2025-04-04,0.4286,3.0,7,ansiedad,,,,Bajo
938,2664,3,IINF,80.8,2,5,1,0,0,0,M,24,Soltero,2025-04-01,2025-04-04,0.8571,6.0,7,ansiedad,,,,Bajo
939,2665,3,IGE,92.6,1,4,0,0,0,0,F,21,Soltero,2025-04-01,2025-04-04,1.0,7.0,7,ansiedad,,,,Bajo
940,2666,3,IGE,71.4,7,6,1,0,0,0,M,25,Casado,2025-04-01,2025-04-04,1.0,7.0,7,ansiedad,,,,Bajo
941,2667,3,IGE,90.3,3,4,3,0,0,0,F,18,Soltero,2025-04-01,2025-04-04,1.4286,10.0,7,ansiedad,,,,Medio
942,2668,3,ISC,71.3,4,8,0,0,0,0,F,22,Soltero,2025-04-01,2025-04-04,1.0,7.0,7,ansiedad,,,,Bajo
943,2669,3,IGE,87.9,4,5,3,0,1,1,F,28,Soltero,2025-04-01,2025-04-04,0.4286,3.0,7,ansiedad,,,,Bajo
944,2670,3,ISC,92.4,4,5,2,0,0,0,M,21,Casado,2025-04-01,2025-04-04,0.2857,2.0,7,ansiedad,,,,Bajo
945,2671,3,ISC,79.0,3,8,1,0,0,1,M,24,Soltero,2025-04-01,2025-04-04,0.1429,1.0,7,ansiedad,,,,Bajo
946,2672,3,IINF,92.6,10,4,3,0,1,0,F,20,Soltero,2025-04-01,2025-04-04,0.8571,6.0,7,ansiedad,,,,Bajo
947,2673,3,IINF,94.2,8,8,0,0,1,0,M,26,Soltero,2025-04-01,2025-04-04,0.0,0.0,7,ansiedad,,,,
948,2674,3,ICD,79.8,4,7,2,0,0,0,M,27,Soltero,2025-04-01,2025-04-04,0.7143,5.0,7,ansiedad,,,,Bajo
949,2675,3,ISC,74.7,2,8,1,0,0,1,M,22,Casado,2025-04-01,2025-04-04,0.5714,4.0,7,ansiedad,,,,Bajo
950,2676,3,IGE,79.6,1,6,1,0,0,1,F,22,Soltero,2025-04-01,2025-04-04,1.4286,10.0,7,ansiedad,,,,Medio
951,2677,3,ISC,77.6,5,8,0,0,1,0,F,18,Soltero,2025-04-01,2025-04-04,0.0,0.0,7,ansiedad,,,,
952,2678,3,IINF,82.5,2,7,1,0,0,0,M,18,Soltero,2025-04-01,2025-04-04,0.2857,2.0,7,ansiedad,,,,Bajo
953,2679,3,ICD,71.6,6,5,1,0,0,0,F,26,Soltero,2025-04-01,2025-04-04,0.8571,6.0,7,ansiedad,,,,Bajo
954,2680,3,ICD,78.5,9,8,2,0,0,0,M,19,Soltero,2025-04-01,2025-04-04,0.2857,2.0,7,ansiedad,,,,Bajo
955,2681,3,ISC,79.4,9,5,3,0,0,0,F,21,Soltero,2025-04-01,2025-04-04,0.1429,1.0,7,ansiedad,,,,Bajo
956,2682,3,ISC,77.9,8,4,3,0,0,1,M,22,Soltero,2025-04-01,2025-04-04,0.1429,1.0,7,ansiedad,,,,Bajo
957,2683,3,IINF,80.6,3,6,1,0,0,0,F,21,Casado,2025-04-01,2025-04-04,0.1429,1.0,7,ansiedad,,,,Bajo
958,2684,3,ICD,80.3,10,7,1,0,1,0,F,18,Soltero,2025-04-01,2025-04-04,0.4286,3.0,7,ansiedad,,,,Bajo
959,2685,3,ICD,89.0,8,4,2,0,0,0,M,23,Soltero,2025-04-01,2025-04-04,0.4286,3.0,7,ansiedad,,,,Bajo
960,2686,3,ISC,71.0,2,4,2,0,0,1,F,18,Soltero,2025-04-01,2025-04-04,0.8571,6.0,7,ansiedad,,,,Bajo
961,2687,3,IINF,94.6,8,7,3,0,0,1,F,23,Soltero,2025-04-01,2025-04-04,0.0,0.0,7,ansiedad,,,,
962,2688,3,ISC,91.1,8,5,0,0,1,0,F,20,Soltero,2025-04-01,2025-04-04,0.0,0.0,7,ansiedad,,,,
963,2689,3,IINF,89.6,5,7,1,0,0,1,M,20,Soltero,2025-04-01,2025-04-04,0.7143,5.0,7,ansiedad,,,,Bajo
964,2690,3,IGE,83.0,6,7,3,0,0,1,M,25,Soltero,2025-04-01,2025-04-04,0.1429,1.0,7,ansiedad,,,,Bajo
965,2691,3,ICD,91.7,8,5,1,0,0,1,F,20,Soltero,2025-04-01,2025-04-04,1.2857,9.0,7,ansiedad,,,,Medio
966,2692,3,ICD,82.7,5,7,0,0,1,0,M,28,Soltero,2025-04-01,2025-04-04,0.1429,1.0,7,ansiedad,,,,Bajo
967,2693,3,ICD,74.2,1,7,1,0,1,0,F,19,Soltero,2025-04-01,2025-04-04,0.1429,1.0,7,ansiedad,,,,Bajo
968,2694,3,ISC,80.4,7,8,1,0,1,0,M,19,Casado,2025-04-01,2025-04-04,0.8571,6.0,7,ansiedad,,,,Bajo
969,2695,3,ISC,78.3,7,5,3,0,1,1,M,20,Soltero,2025-04-01,2025-04-04,1.0,7.0,7,ansiedad,,,,Bajo
970,2696,3,ICD,85.8,5,4,0,0,1,0,F,28,Soltero,2025-04-01,2025-04-04,0.1429,1.0,7,ansiedad,,,,Bajo
971,2697,3,ICD,72.9,3,4,2,0,0,0,M,28,Casado,2025-04-01,2025-04-04,0.4286,3.0,7,ansiedad,,,,Bajo
972,2698,3,ISC,84.1,2,8,1,0,0,0,M,27,Soltero,2025-04-01,2025-04-04,0.1429,1.0,7,ansiedad,,,,Bajo
973,2699,3,IGE,89.2,1,6,3,0,0,0,F,25,Soltero,2025-04-01,2025-04-04,0.1429,1.0,7,ansiedad,,,,Bajo
974,2700,3,IINF,70.5,4,4,0,0,0,0,M,18,Soltero,2025-04-01,2025-04-04,0.4286,3.0,7,ansiedad,,,,Bajo
975,2701,3,ICD,85.2,7,8,0,0,0,0,M,20,Soltero,2025-04-01,2025-04-04,0.4286,3.0,7,ansiedad,,,,Bajo
976,2702,3,ICD,93.7,4,5,0,0,1,0,F,25,Soltero,2025-04-01,2025-04-04,0.5714,4.0,7,ansiedad,,,,Bajo
977,2703,3,IINF,72.3,2,7,0,0,0,0,F,23,Casado,2025-04-01,2025-04-04,0.1429,1.0,7,ansiedad,,,,Bajo
978,2704,3,IINF,91.5,7,7,1,0,0,0,M,27,Soltero,2025-04-01,2025-04-04,0.0,0.0,7,ansiedad,,,,
979,2705,3,ICD,77.4,8,4,3,0,0,0,F,28,Casado,2025-04-01,2025-04-04,0.0,0.0,7,ansiedad,,,,
980,2706,3,IGE,73.7,4,5,3,0,0,0,M,18,Soltero,2025-04-01,2025-04-04,1.0,7.0,7,ansiedad,,,,Bajo
981,2707,3,ICD,94.6,5,5,2,0,0,0,F,28,Soltero,2025-04-01,2025-04-04,1.0,7.0,7,ansiedad,,,,Bajo
982,2708,3,IGE,84.3,8,7,2,0,0,1,F,25,Soltero,2025-04-01,2025-04-04,0.5714,4.0,7,ansiedad,,,,Bajo
983,2709,3,IGE,73.2,8,6,1,0,0,1,M,28,Soltero,2025-04-01,2025-04-04,0.8571,6.0,7,ansiedad,,,,Bajo
984,2710,3,IINF,78.1,4,6,2,0,0,0,M,28,Casado,2025-04-01,2025-04-04,0.2857,2.0,7,ansiedad,,,,Bajo
985,2711,3,ICD,78.3,9,8,3,0,0,0,F,27,Soltero,2025-04-01,2025-04-04,0.2857,2.0,7,ansiedad,,,,Bajo
986,2712,3,ISC,89.1,2,7,1,0,0,0,F,19,Soltero,2025-04-01,2025-04-04,0.5714,4.0,7,ansiedad,,,,Bajo
987,2713,3,IGE,93.2,7,4,2,0,1,0,M,26,Soltero,2025-04-01,2025-04-04,0.2857,2.0,7,ansiedad,,,,Bajo
988,2714,3,ISC,86.5,3,7,3,0,1,0,F,28,Soltero,2025-04-01,2025-04-04,0.2857,2.0,7,ansiedad,,,,Bajo
989,2715,3,ICD,74.4,3,8,2,0,0,0,M,28,Soltero,2025-04-01,2025-04-04,1.2857,9.0,7,ansiedad,,,,Medio
990,2716,3,ICD,81.5,10,7,0,0,0,0,M,21,Soltero,2025-04-01,2025-04-04,1.0,7.0,7,ansiedad,,,,Bajo
991,2717,3,IINF,89.0,9,4,0,0,0,0,F,23,Soltero,2025-04-01,2025-04-04,0.2857,2.0,7,ansiedad,,,,Bajo
992,2718,3,IGE,92.4,8,6,1,0,0,0,F,22,Soltero,2025-04-01,2025-04-04,0.1429,1.0,7,ansiedad,,,,Bajo
993,2719,3,IGE,82.7,8,8,3,0,1,0,M,18,Soltero,2025-04-01,2025-04-04,1.4286,10.0,7,ansiedad,,,,Medio
994,2720,3,IINF,85.3,4,4,2,0,0,0,M,18,Soltero,2025-04-01,2025-04-04,0.0,0.0,7,ansiedad,,,,
995,2721,3,IINF,81.5,7,4,2,0,0,0,M,22,Soltero,2025-04-01,2025-04-04,0.2857,2.0,7,ansiedad,,,,Bajo
996,2722,3,ICD,76.1,2,8,0,0,0,0,F,26,Soltero,2025-04-01,2025-04-04,1.0,7.0,7,ansiedad,,,,Bajo
997,2723,3,IGE,80.4,5,4,2,0,0,0,M,20,Soltero,2025-04-01,2025-04-04,0.4286,3.0,7,ansiedad,,,,Bajo
998,2724,3,ISC,76.8,8,6,0,0,0,1,M,25,Soltero,2025-04-01,2025-04-04,0.5714,4.0,7,ansiedad,,,,Bajo
999,2725,3,IGE,82.4,10,5,1,0,0,1,F,27,Soltero,2025-04-01,2025-04-04,1.1429,8.0,7,ansiedad,,,,Medio
1000,2726,3,ISC,88.4,6,7,2,0,0,0,F,21,Soltero,2025-04-01,2025-04-04,0.0,0.0,7,ansiedad,,,,
1001,2727,3,ISC,85.1,7,6,3,0,0,0,F,26,Soltero,2025-04-01,2025-04-04,0.8571,6.0,7,ansiedad,,,,Bajo
1002,2728,3,IINF,72.1,6,7,0,0,1,0,M,19,Soltero,2025-04-01,2025-04-04,0.4286,3.0,7,ansiedad,,,,Bajo
1003,2729,3,ISC,74.1,9,6,2,0,1,0,M,22,Soltero,2025-04-01,2025-04-04,0.5714,4.0,7,ansiedad,,,,Bajo
1004,2730,3,IINF,86.0,7,8,2,0,1,0,F,28,Soltero,2025-04-01,2025-04-04,0.0,0.0,7,ansiedad,,,,
1005,2731,3,IINF,92.8,6,6,1,0,0,1,M,18,Casado,2025-04-01,2025-04-04,1.2857,9.0,7,ansiedad,,,,Medio
1006,2732,3,IGE,79.6,7,7,3,0,0,0,M,28,Soltero,2025-04-01,2025-04-04,1.2857,9.0,7,ansiedad,,,,Medio
1007,2733,3,IINF,94.0,1,5,2,0,1,0,M,19,Casado,2025-04-01,2025-04-04,0.4286,3.0,7,ansiedad,,,,Bajo
1008,2734,3,ISC,93.1,6,6,0,0,0,0,F,23,Soltero,2025-04-01,2025-04-04,0.8571,6.0,7,ansiedad,,,,Bajo
1009,2735,3,IGE,78.4,5,7,1,0,0,0,F,20,Casado,2025-04-01,2025-04-04,0.2857,2.0,7,ansiedad,,,,Bajo
1010,2736,3,ICD,77.1,8,5,0,0,1,1,F,24,Soltero,2025-04-01,2025-04-04,1.0,7.0,7,ansiedad,,,,Bajo
1011,2737,3,ISC,83.7,5,5,1,0,1,1,F,24,Soltero,2025-04-01,2025-04-04,0.1429,1.0,7,ansiedad,,,,Bajo
1012,2738,3,ISC,72.7,5,4,2,0,1,0,M,24,Soltero,2025-04-01,2025-04-04,0.0,0.0,7,ansiedad,,,,
1013,2739,3,ISC,92.3,9,5,3,0,1,1,F,23,Soltero,2025-04-01,2025-04-04,1.0,7.0,7,ansiedad,,,,Bajo
1014,2740,3,IGE,94.5,1,6,3,0,0,0,F,25,Casado,2025-04-01,2025-04-04,0.4286,3.0,7,ansiedad,,,,Bajo
1015,2741,3,ISC,88.8,8,8,0,0,0,1,M,20,Soltero,2025-04-01,2025-04-04,0.7143,5.0,7,ansiedad,,,,Bajo
1016,2742,3,IINF,82.1,4,7,2,0,1,0,M,19,Soltero,2025-04-01,2025-04-04,0.1429,1.0,7,ansiedad,,,,Bajo
1017,2743,3,ISC,79.4,3,7,2,0,1,0,M,18,Soltero,2025-04-01,2025-04-04,0.5714,4.0,7,ansiedad,,,,Bajo
1018,2744,3,ISC,87.9,8,6,3,0,0,1,F,18,Soltero,2025-04-01,2025-04-04,0.7143,5.0,7,ansiedad,,,,Bajo
1019,2745,3,IINF,92.9,7,7,1,0,1,1,M,20,Soltero,2025-04-01,2025-04-04,0.4286,3.0,7,ansiedad,,,,Bajo
1020,2746,3,ICD,84.2,4,6,0,0,0,0,M,19,Soltero,2025-04-01,2025-04-04,0.7143,5.0,7,ansiedad,,,,Bajo
1021,2747,3,ISC,70.1,4,7,1,0,0,0,M,25,Soltero,2025-04-01,2025-04-04,0.1429,1.0,7,ansiedad,,,,Bajo
1022,2748,3,IINF,84.1,4,8,0,0,0,0,M,19,Soltero,2025-04-01,2025-04-04,0.1429,1.0,7,ansiedad,,,,Bajo
1023,2749,3,IGE,71.5,5,7,1,0,0,0,F,24,Casado,2025-04-01,2025-04-04,0.7143,5.0,7,ansiedad,,,,Bajo
1024,2750,3,IINF,88.1,1,7,3,0,0,0,M,20,Soltero,2025-04-01,2025-04-04,0.2857,2.0,7,ansiedad,,,,Bajo
1025,2751,3,IINF,93.7,7,8,2,0,1,0,F,19,Casado,2025-04-01,2025-04-04,0.4286,3.0,7,ansiedad,,,,Bajo
1026,2752,3,ICD,92.6,4,6,1,0,0,0,F,26,Casado,2025-04-01,2025-04-04,1.4286,10.0,7,ansiedad,,,,Medio
1027,2753,3,IGE,92.6,10,6,1,0,0,0,M,23,Soltero,2025-04-01,2025-04-04,0.1429,1.0,7,ansiedad,,,,Bajo
1028,2754,3,IGE,93.6,6,7,2,0,0,1,M,18,Soltero,2025-04-01,2025-04-04,0.8571,6.0,7,ansiedad,,,,Bajo
1029,2755,3,ICD,83.7,4,4,3,0,1,0,M,26,Casado,2025-04-01,2025-04-04,0.5714,4.0,7,ansiedad,,,,Bajo
1030,2756,3,ICD,76.0,2,5,2,0,0,0,M,19,Soltero,2025-04-01,2025-04-04,0.2857,2.0,7,ansiedad,,,,Bajo
1031,2757,3,IINF,86.5,6,7,0,0,0,0,M,25,Soltero,2025-04-01,2025-04-04,0.2857,2.0,7,ansiedad,,,,Bajo
1032,2758,3,ISC,89.0,1,7,3,0,0,0,F,24,Soltero,2025-04-01,2025-04-04,1.2857,9.0,7,ansiedad,,,,Medio
1033,2759,3,ICD,75.9,1,4,1,0,0,0,F,20,Casado,2025-04-01,2025-04-04,0.8571,6.0,7,ansiedad,,,,Bajo
1034,2760,3,IGE,84.7,1,5,2,0,0,0,M,26,Soltero,2025-04-01,2025-04-04,1.0,7.0,7,ansiedad,,,,Bajo
1035,2761,3,IGE,77.8,10,7,1,0,0,0,F,24,Soltero,2025-04-01,2025-04-04,0.1429,1.0,7,ansiedad,,,,Bajo
1036,2762,3,ISC,86.9,4,8,0,0,0,0,F,18,Casado,2025-04-01,2025-04-04,0.1429,1.0,7,ansiedad,,,,Bajo
1037,2763,3,ISC,79.2,5,4,1,0,0,1,M,19,Soltero,2025-04-01,2025-04-04,0.0,0.0,7,ansiedad,,,,
1038,2764,3,IGE,71.0,10,8,1,0,0,0,M,25,Casado,2025-04-01,2025-04-04,1.2857,9.0,7,ansiedad,,,,Medio
1039,2765,3,ICD,77.7,10,4,3,0,0,0,F,18,Soltero,2025-04-01,2025-04-04,1.1429,8.0,7,ansiedad,,,,Medio
1040,2766,3,ISC,76.5,5,4,2,0,1,1,F,20,Soltero,2025-04-01,2025-04-04,1.2857,9.0,7,ansiedad,,,,Medio
1041,2767,3,IINF,84.8,5,4,2,0,0,0,F,18,Soltero,2025-04-01,2025-04-04,0.2857,2.0,7,ansiedad,,,,Bajo
1042,2768,3,IGE,88.3,7,6,1,0,1,0,M,28,Soltero,2025-04-01,2025-04-04,1.0,7.0,7,ansiedad,,,,Bajo
1043,2769,3,ICD,94.8,5,6,0,0,0,0,F,19,Soltero,2025-04-01,2025-04-04,0.2857,2.0,7,ansiedad,,,,Bajo
1044,2770,3,IINF,89.8,9,5,1,0,0,0,M,28,Soltero,2025-04-01,2025-04-04,0.1429,1.0,7,ansiedad,,,,Bajo
1045,2771,3,ICD,75.7,4,6,1,0,1,0,F,28,Casado,2025-04-01,2025-04-04,0.8571,6.0,7,ansiedad,,,,Bajo
1046,2772,3,ISC,87.8,8,4,0,0,0,1,F,20,Soltero,2025-04-01,2025-04-04,0.0,0.0,7,ansiedad,,,,
1047,2773,3,IINF,92.2,9,8,2,0,0,0,F,18,Casado,2025-04-01,2025-04-04,1.0,7.0,7,ansiedad,,,,Bajo
1048,2774,3,ICD,90.5,8,8,3,0,1,0,F,19,Casado,2025-04-01,2025-04-04,1.1429,8.0,7,ansiedad,,,,Medio
1049,2775,3,IINF,91.7,6,8,2,0,1,0,F,23,Soltero,2025-04-01,2025-04-04,0.2857,2.0,7,ansiedad,,,,Bajo
1050,2776,3,ICD,70.1,3,7,0,0,0,0,F,21,Soltero,2025-04-01,2025-04-04,0.7143,5.0,7,ansiedad,,,,Bajo
1051,2777,3,IGE,87.7,6,5,1,0,0,0,M,27,Casado,2025-04-01,2025-04-04,0.4286,3.0,7,ansiedad,,,,Bajo
1052,2778,3,ISC,72.1,8,5,2,0,1,0,F,25,Soltero,2025-04-01,2025-04-04,0.0,0.0,7,ansiedad,,,,
1053,2779,3,ISC,93.9,4,8,0,0,0,1,F,28,Soltero,2025-04-01,2025-04-04,0.1429,1.0,7,ansiedad,,,,Bajo
1054,2780,3,ISC,84.1,6,5,1,0,1,1,M,19,Soltero,2025-04-01,2025-04-04,0.0,0.0,7,ansiedad,,,,
1055,2781,3,ICD,75.5,9,6,0,0,1,0,M,28,Soltero,2025-04-01,2025-04-04,0.1429,1.0,7,ansiedad,,,,Bajo
1056,2782,3,IGE,81.7,2,6,3,0,0,0,F,18,Casado,2025-04-01,2025-04-04,0.1429,1.0,7,ansiedad,,,,Bajo
1057,2783,3,ISC,78.6,10,4,0,0,0,1,F,26,Soltero,2025-04-01,2025-04-04,0.7143,5.0,7,ansiedad,,,,Bajo
1058,2784,3,ISC,76.7,2,8,0,0,1,0,F,26,Soltero,2025-04-01,2025-04-04,0.2857,2.0,7,ansiedad,,,,Bajo
1059,2785,3,IINF,83.2,4,8,0,0,1,0,F,27,Soltero,2025-04-01,2025-04-04,0.4286,3.0,7,ansiedad,,,,Bajo
1060,2786,3,ICD,91.3,9,5,2,0,0,0,F,28,Casado,2025-04-01,2025-04-04,0.1429,1.0,7,ansiedad,,,,Bajo
1061,2787,3,ICD,87.1,3,7,2,0,0,0,M,25,Soltero,2025-04-01,2025-04-04,0.1429,1.0,7,ansiedad,,,,Bajo
1062,2788,3,IGE,79.3,2,8,1,0,0,0,F,19,Soltero,2025-04-01,2025-04-04,0.5714,4.0,7,ansiedad,,,,Bajo
1063,2789,3,ISC,88.6,1,7,2,0,1,1,F,23,Soltero,2025-04-01,2025-04-04,0.4286,3.0,7,ansiedad,,,,Bajo
1064,2790,3,IGE,71.9,7,7,1,0,0,0,F,21,Soltero,2025-04-01,2025-04-04,0.5714,4.0,7,ansiedad,,,,Bajo
1065,2791,3,IINF,82.5,4,6,1,0,0,0,M,18,Soltero,2025-04-01,2025-04-04,0.7143,5.0,7,ansiedad,,,,Bajo
1066,2792,3,ICD,90.9,4,4,2,0,0,0,M,18,Soltero,2025-04-01,2025-04-04,0.1429,1.0,7,ansiedad,,,,Bajo
1067,2793,3,ICD,93.2,2,6,1,0,0,0,F,25,Soltero,2025-04-01,2025-04-04,1.0,7.0,7,ansiedad,,,,Bajo
1068,2794,3,ICD,91.9,3,6,2,0,1,0,M,27,Soltero,2025-04-01,2025-04-04,0.7143,5.0,7,ansiedad,,,,Bajo
1069,2795,3,ICD,77.2,10,6,2,0,0,1,F,26,Soltero,2025-04-01,2025-04-04,1.0,7.0,7,ansiedad,,,,Bajo
1070,2796,3,IGE,75.0,10,5,1,0,0,1,M,28,Casado,2025-04-01,2025-04-04,1.0,7.0,7,ansiedad,,,,Bajo
1071,2797,3,ICD,80.9,6,4,2,0,1,0,F,21,Soltero,2025-04-01,2025-04-04,0.2857,2.0,7,ansiedad,,,,Bajo
1072,2798,3,IGE,78.0,5,5,0,0,1,0,F,26,Soltero,2025-04-01,2025-04-04,1.2857,9.0,7,ansiedad,,,,Medio
1073,2799,3,IINF,84.3,10,8,3,0,0,1,M,26,Soltero,2025-04-01,2025-04-04,0.5714,4.0,7,ansiedad,,,,Bajo
1074,2800,3,ICD,85.2,10,5,1,0,1,0,M,21,Casado,2025-04-01,2025-04-04,0.2857,2.0,7,ansiedad,,,,Bajo
1075,2801,3,ICD,84.5,3,7,3,0,1,0,M,26,Soltero,2025-04-01,2025-04-04,0.5714,4.0,7,ansiedad,,,,Bajo
1076,2802,3,ISC,94.1,1,5,0,0,0,1,F,20,Soltero,2025-04-01,2025-04-04,0.5714,4.0,7,ansiedad,,,,Bajo
1077,2803,3,ISC,79.9,2,8,3,0,1,0,F,21,Casado,2025-04-01,2025-04-04,1.2857,9.0,7,ansiedad,,,,Medio
1078,2804,3,IGE,82.2,10,5,2,0,0,0,F,27,Soltero,2025-04-01,2025-04-04,1.0,7.0,7,ansiedad,,,,Bajo
1079,2805,3,IINF,77.4,8,7,3,0,0,0,M,23,Soltero,2025-04-01,2025-04-04,0.4286,3.0,7,ansiedad,,,,Bajo
1080,2806,3,IINF,73.9,3,4,3,0,0,1,M,19,Soltero,2025-04-01,2025-04-04,0.8571,6.0,7,ansiedad,,,,Bajo
1081,2807,3,ISC,87.0,6,6,1,0,0,1,M,22,Soltero,2025-04-01,2025-04-04,0.2857,2.0,7,ansiedad,,,,Bajo
1082,2808,3,ISC,73.3,8,6,0,0,0,0,F,28,Soltero,2025-04-01,2025-04-04,0.2857,2.0,7,ansiedad,,,,Bajo
1083,2809,3,ISC,80.8,8,4,3,0,0,0,M,19,Casado,2025-04-01,2025-04-04,0.5714,4.0,7,ansiedad,,,,Bajo
1084,2810,3,IGE,92.5,8,4,0,0,1,0,F,26,Soltero,2025-04-01,2025-04-04,0.1429,1.0,7,ansiedad,,,,Bajo
1085,2811,3,ISC,87.1,10,5,2,0,0,0,M,26,Soltero,2025-04-01,2025-04-04,1.0,7.0,7,ansiedad,,,,Bajo
1086,2812,3,ISC,89.5,8,8,2,0,0,1,M,27,Soltero,2025-04-01,2025-04-04,0.1429,1.0,7,ansiedad,,,,Bajo
1087,2813,3,ISC,74.3,5,6,0,0,0,0,F,22,Soltero,2025-04-01,2025-04-04,0.4286,3.0,7,ansiedad,,,,Bajo
1088,2814,3,IGE,70.9,4,5,2,0,0,0,F,28,Casado,2025-04-01,2025-04-04,0.7143,5.0,7,ansiedad,,,,Bajo
1089,2815,3,IGE,75.1,1,8,3,0,0,0,F,21,Soltero,2025-04-01,2025-04-04,0.4286,3.0,7,ansiedad,,,,Bajo
1090,2816,3,ISC,78.4,8,6,0,0,0,0,M,28,Soltero,2025-04-01,2025-04-04,0.7143,5.0,7,ansiedad,,,,Bajo
1091,2817,3,IINF,78.7,9,7,0,0,0,1,F,21,Casado,2025-04-01,2025-04-04,0.5714,4.0,7,ansiedad,,,,Bajo
1092,2818,3,IINF,79.9,7,5,1,0,0,0,F,25,Soltero,2025-04-01,2025-04-04,0.5714,4.0,7,ansiedad,,,,Bajo
1093,2819,3,IGE,84.1,7,6,1,0,0,0,F,26,Soltero,2025-04-01,2025-04-04,0.0,0.0,7,ansiedad,,,,
1094,2820,3,IGE,78.7,3,8,1,0,0,0,F,22,Soltero,2025-04-01,2025-04-04,0.1429,1.0,7,ansiedad,,,,Bajo
1095,2821,3,ISC,85.2,10,6,3,0,0,1,M,21,Casado,2025-04-01,2025-04-04,1.4286,10.0,7,ansiedad,,,,Medio
1096,2822,3,IGE,91.2,5,5,3,0,1,0,F,20,Soltero,2025-04-01,2025-04-04,0.8571,6.0,7,ansiedad,,,,Bajo
1097,2823,3,ICD,90.4,3,5,3,0,1,0,M,27,Soltero,2025-04-01,2025-04-04,0.1429,1.0,7,ansiedad,,,,Bajo
1098,2824,3,ICD,94.9,3,6,2,0,0,0,M,22,Soltero,2025-04-01,2025-04-04,0.0,0.0,7,ansiedad,,,,
1099,2825,3,IINF,74.1,10,4,3,0,0,1,M,26,Soltero,2025-04-01,2025-04-04,0.4286,3.0,7,ansiedad,,,,Bajo
1100,2826,3,IGE,73.5,8,7,2,0,0,0,F,23,Soltero,2025-04-01,2025-04-04,0.1429,1.0,7,ansiedad,,,,Bajo
1101,2827,3,IGE,84.9,4,5,0,0,0,0,M,24,Soltero,2025-04-01,2025-04-04,0.2857,2.0,7,ansiedad,,,,Bajo
1102,2828,3,ISC,90.6,9,5,1,0,0,0,F,20,Casado,2025-04-01,2025-04-04,0.0,0.0,7,ansiedad,,,,
1103,2829,3,IGE,80.6,4,6,3,0,1,0,F,19,Casado,2025-04-01,2025-04-04,0.5714,4.0,7,ansiedad,,,,Bajo
1104,2830,3,ICD,83.3,5,6,2,0,0,0,F,19,Soltero,2025-04-01,2025-04-04,1.0,7.0,7,ansiedad,,,,Bajo
1105,2831,3,IGE,94.5,8,6,1,0,1,0,F,25,Casado,2025-04-01,2025-04-04,0.0,0.0,7,ansiedad,,,,
1106,2832,3,ICD,87.2,4,5,2,0,0,0,M,26,Soltero,2025-04-01,2025-04-04,1.1429,8.0,7,ansiedad,,,,Medio
1107,2833,3,IINF,77.5,7,4,1,0,0,0,F,23,Soltero,2025-04-01,2025-04-04,0.1429,1.0,7,ansiedad,,,,Bajo
1108,2834,3,ISC,85.7,4,5,3,0,0,1,M,25,Soltero,2025-04-01,2025-04-04,0.4286,3.0,7,ansiedad,,,,Bajo
1109,2835,3,IGE,82.6,4,8,3,0,0,0,M,23,Soltero,2025-04-01,2025-04-04,1.4286,10.0,7,ansiedad,,,,Medio
1110,2836,3,ICD,76.6,5,4,1,0,0,0,F,20,Soltero,2025-04-01,2025-04-04,0.0,0.0,7,ansiedad,,,,
1111,2837,3,IINF,91.7,1,8,3,0,0,0,F,25,Soltero,2025-04-01,2025-04-04,0.7143,5.0,7,ansiedad,,,,Bajo
1112,2838,3,IINF,82.1,2,7,2,0,0,1,F,23,Soltero,2025-04-01,2025-04-04,0.4286,3.0,7,ansiedad,,,,Bajo
1113,2839,3,IGE,79.7,9,4,0,0,0,0,M,26,Casado,2025-04-01,2025-04-04,0.0,0.0,7,ansiedad,,,,
1114,2840,3,ISC,89.4,7,8,0,0,0,0,M,23,Casado,2025-04-01,2025-04-04,1.2857,9.0,7,ansiedad,,,,Medio
1115,2841,3,ICD,90.0,3,6,3,0,0,0,F,19,Soltero,2025-04-01,2025-04-04,0.5714,4.0,7,ansiedad,,,,Bajo
1116,2842,3,ISC,80.0,4,4,1,0,1,0,M,24,Casado,2025-04-01,2025-04-04,0.7143,5.0,7,ansiedad,,,,Bajo
1117,2843,3,IGE,91.9,3,6,2,0,0,0,M,27,Soltero,2025-04-01,2025-04-04,0.7143,5.0,7,ansiedad,,,,Bajo
1118,2844,3,IINF,71.8,3,4,2,0,0,0,F,20,Soltero,2025-04-01,2025-04-04,1.0,7.0,7,ansiedad,,,,Bajo
1119,2845,3,ICD,72.6,9,4,1,0,0,1,F,18,Soltero,2025-04-01,2025-04-04,0.2857,2.0,7,ansiedad,,,,Bajo
1120,2846,3,ICD,81.0,6,5,1,0,0,0,M,18,Soltero,2025-04-01,2025-04-04,0.7143,5.0,7,ansiedad,,,,Bajo
1121,2847,3,ICD,90.1,7,6,3,0,0,0,M,18,Soltero,2025-04-01,2025-04-04,0.2857,2.0,7,ansiedad,,,,Bajo
1122,2848,3,ICD,71.8,6,6,3,0,1,0,F,26,Soltero,2025-04-01,2025-04-04,0.0,0.0,7,ansiedad,,,,
1123,2849,3,ICD,93.7,3,8,1,0,1,0,F,18,Casado,2025-04-01,2025-04-04,1.0,7.0,7,ansiedad,,,,Bajo
1124,2850,3,IGE,80.5,1,6,0,0,1,0,M,27,Soltero,2025-04-01,2025-04-04,0.2857,2.0,7,ansiedad,,,,Bajo
1125,2851,3,ICD,92.9,4,6,0,0,0,1,M,20,Casado,2025-04-01,2025-04-04,0.2857,2.0,7,ansiedad,,,,Bajo
1126,2852,3,IGE,84.4,3,5,1,0,1,0,F,19,Soltero,2025-04-01,2025-04-04,0.5714,4.0,7,ansiedad,,,,Bajo
1127,2853,3,IGE,80.3,7,4,3,0,0,1,M,21,Soltero,2025-04-01,2025-04-04,0.4286,3.0,7,ansiedad,,,,Bajo
1128,2854,3,ISC,89.6,6,8,1,0,1,0,F,21,Soltero,2025-04-01,2025-04-04,0.4286,3.0,7,ansiedad,,,,Bajo
1129,2855,3,ISC,78.9,9,5,3,0,0,0,F,19,Casado,2025-04-01,2025-04-04,0.2857,2.0,7,ansiedad,,,,Bajo
1130,2856,3,ISC,76.1,5,8,2,0,0,0,M,23,Soltero,2025-04-01,2025-04-04,0.7143,5.0,7,ansiedad,,,,Bajo
1131,2857,3,IINF,70.7,8,4,0,0,1,0,F,18,Soltero,2025-04-01,2025-04-04,0.8571,6.0,7,ansiedad,,,,Bajo
1132,2858,3,ICD,85.4,1,8,2,0,0,1,F,24,Soltero,2025-04-01,2025-04-04,1.2857,9.0,7,ansiedad,,,,Medio
1133,2859,3,ICD,79.1,6,7,1,0,0,0,M,19,Soltero,2025-04-01,2025-04-04,0.0,0.0,7,ansiedad,,,,
1134,2860,3,ISC,91.5,1,4,1,0,1,0,M,22,Soltero,2025-04-01,2025-04-04,0.5714,4.0,7,ansiedad,,,,Bajo
1135,2861,3,ISC,75.6,8,6,2,0,1,1,M,24,Soltero,2025-04-01,2025-04-04,1.2857,9.0,7,ansiedad,,,,Medio
1136,2862,3,IGE,82.8,6,4,2,0,0,1,F,28,Soltero,2025-04-01,2025-04-04,0.1429,1.0,7,ansiedad,,,,Bajo
1137,2863,3,ISC,75.4,8,6,3,0,1,0,M,20,Soltero,2025-04-01,2025-04-04,0.4286,3.0,7,ansiedad,,,,Bajo
1138,2864,3,IINF,88.8,3,5,0,0,0,0,F,19,Soltero,2025-04-01,2025-04-04,0.0,0.0,7,ansiedad,,,,
1139,2865,3,ISC,82.9,3,8,0,0,0,0,M,28,Soltero,2025-04-01,2025-04-04,0.2857,2.0,7,ansiedad,,,,Bajo
1140,2866,3,ICD,74.9,8,7,0,0,0,1,F,20,Soltero,2025-04-01,2025-04-04,0.0,0.0,7,ansiedad,,,,
1141,2867,3,ISC,79.4,9,5,2,0,1,0,F,18,Soltero,2025-04-01,2025-04-04,0.7143,5.0,7,ansiedad,,,,Bajo
1142,2868,3,ISC,74.1,7,6,3,0,0,0,F,23,Soltero,2025-04-01,2025-04-04,0.1429,1.0,7,ansiedad,,,,Bajo
1143,2869,3,ISC,89.9,1,5,1,0,0,0,M,20,Casado,2025-04-01,2025-04-04,0.7143,5.0,7,ansiedad,,,,Bajo
1144,2870,3,ICD,85.0,9,4,2,0,0,0,M,25,Soltero,2025-04-01,2025-04-04,0.4286,3.0,7,ansiedad,,,,Bajo
1145,2871,3,ICD,90.6,3,5,3,0,0,0,M,21,Soltero,2025-04-01,2025-04-04,0.0,0.0,7,ansiedad,,,,
1146,2872,3,ICD,87.7,8,6,0,0,1,0,M,19,Soltero,2025-04-01,2025-04-04,0.0,0.0,7,ansiedad,,,,
1147,2873,3,ICD,71.7,7,7,1,0,0,0,F,24,Soltero,2025-04-01,2025-04-04,1.1429,8.0,7,ansiedad,,,,Medio
1148,2874,3,ICD,90.0,5,5,0,0,0,0,M,27,Casado,2025-04-01,2025-04-04,0.1429,1.0,7,ansiedad,,,,Bajo
1149,2875,3,ISC,89.5,5,8,3,0,0,1,F,28,Soltero,2025-04-01,2025-04-04,0.2857,2.0,7,ansiedad,,,,Bajo
1150,2876,3,ISC,81.6,9,6,3,0,0,0,M,23,Soltero,2025-04-01,2025-04-04,0.1429,1.0,7,ansiedad,,,,Bajo
1151,2877,3,IGE,75.1,4,5,3,0,1,0,M,21,Casado,2025-04-01,2025-04-04,0.5714,4.0,7,ansiedad,,,,Bajo
1152,2878,3,ICD,84.1,1,6,3,0,1,0,M,28,Casado,2025-04-01,2025-04-04,0.1429,1.0,7,ansiedad,,,,Bajo
1153,2879,3,IINF,78.2,10,6,1,0,0,0,M,18,Soltero,2025-04-01,2025-04-04,0.2857,2.0,7,ansiedad,,,,Bajo
1154,2880,3,ICD,93.7,8,4,0,0,0,0,M,26,Soltero,2025-04-01,2025-04-04,0.0,0.0,7,ansiedad,,,,
1155,2881,3,ISC,85.6,7,8,1,0,1,0,F,27,Soltero,2025-04-01,2025-04-04,0.4286,3.0,7,ansiedad,,,,Bajo
1156,2882,3,IGE,80.5,5,5,3,0,0,1,M,19,Soltero,2025-04-01,2025-04-04,0.0,0.0,7,ansiedad,,,,
1157,2883,3,ISC,85.8,2,8,0,0,0,0,M,27,Soltero,2025-04-01,2025-04-04,0.0,0.0,7,ansiedad,,,,
1158,2884,3,ISC,84.6,1,5,1,0,0,0,M,22,Soltero,2025-04-01,2025-04-04,0.0,0.0,7,ansiedad,,,,
1159,2885,3,ICD,83.9,4,4,0,0,0,0,F,25,Soltero,2025-04-01,2025-04-04,1.1429,8.0,7,ansiedad,,,,Medio
1160,2886,3,ISC,85.2,3,7,0,0,0,0,M,25,Soltero,2025-04-01,2025-04-04,0.0,0.0,7,ansiedad,,,,
1161,2887,3,ICD,73.3,6,8,3,0,0,1,F,25,Soltero,2025-04-01,2025-04-04,0.4286,3.0,7,ansiedad,,,,Bajo
1162,2888,3,ISC,86.1,10,6,3,0,0,0,M,27,Casado,2025-04-01,2025-04-04,0.1429,1.0,7,ansiedad,,,,Bajo
1163,2889,3,ISC,79.8,9,4,0,0,0,0,M,20,Soltero,2025-04-01,2025-04-04,0.0,0.0,7,ansiedad,,,,
1164,2890,3,IGE,83.5,4,8,0,0,0,0,F,19,Soltero,2025-04-01,2025-04-04,0.8571,6.0,7,ansiedad,,,,Bajo
1165,2891,3,ICD,72.4,8,8,3,0,0,0,F,24,Soltero,2025-04-01,2025-04-04,1.4286,10.0,7,ansiedad,,,,Medio
1166,2892,3,IINF,90.8,2,6,0,0,1,0,M,27,Soltero,2025-04-01,2025-04-04,0.0,0.0,7,ansiedad,,,,
1167,2893,3,ISC,83.0,9,8,0,0,0,0,M,21,Soltero,2025-04-01,2025-04-04,1.0,7.0,7,ansiedad,,,,Bajo
1168,2894,3,ISC,80.2,10,6,2,0,1,0,M,22,Soltero,2025-04-01,2025-04-04,1.1429,8.0,7,ansiedad,,,,Medio
1169,2895,3,ISC,70.2,6,8,3,0,0,0,M,20,Soltero,2025-04-01,2025-04-04,0.7143,5.0,7,ansiedad,,,,Bajo
1170,2896,3,ICD,86.6,4,6,2,0,0,0,M,26,Soltero,2025-04-01,2025-04-04,1.4286,10.0,7,ansiedad,,,,Medio
1171,2897,3,ISC,70.3,2,4,0,0,1,0,F,23,Soltero,2025-04-01,2025-04-04,0.1429,1.0,7,ansiedad,,,,Bajo
1172,2898,3,ISC,76.6,8,8,0,0,0,0,M,25,Casado,2025-04-01,2025-04-04,1.2857,9.0,7,ansiedad,,,,Medio
1173,2899,3,IINF,83.2,6,5,3,0,1,0,M,19,Soltero,2025-04-01,2025-04-04,0.1429,1.0,7,ansiedad,,,,Bajo
1174,2900,3,ICD,94.1,4,6,0,0,0,0,F,28,Soltero,2025-04-01,2025-04-04,0.0,0.0,7,ansiedad,,,,
1175,2901,3,IGE,82.5,1,6,2,0,0,1,M,18,Casado,2025-04-01,2025-04-04,0.7143,5.0,7,ansiedad,,,,Bajo
1176,2902,3,IGE,70.6,4,7,3,0,0,0,M,19,Soltero,2025-04-01,2025-04-04,0.0,0.0,7,ansiedad,,,,
1177,2903,3,IGE,71.7,8,7,2,0,0,0,F,26,Soltero,2025-04-01,2025-04-04,0.1429,1.0,7,ansiedad,,,,Bajo
1178,2904,3,IGE,85.3,4,7,2,0,0,0,M,27,Soltero,2025-04-01,2025-04-04,0.2857,2.0,7,ansiedad,,,,Bajo
1179,2905,3,IGE,80.0,4,6,3,0,0,0,F,23,Soltero,2025-04-01,2025-04-04,0.1429,1.0,7,ansiedad,,,,Bajo
1180,2906,3,IINF,84.6,9,5,3,0,1,0,M,18,Soltero,2025-04-01,2025-04-04,0.0,0.0,7,ansiedad,,,,
1181,2907,3,IINF,76.3,2,7,1,0,0,0,M,19,Casado,2025-04-01,2025-04-04,0.4286,3.0,7,ansiedad,,,,Bajo
1182,2908,3,IINF,73.9,6,7,0,0,0,0,F,26,Soltero,2025-04-01,2025-04-04,0.1429,1.0,7,ansiedad,,,,Bajo
1183,2909,3,IINF,83.8,7,8,2,0,0,0,M,21,Casado,2025-04-01,2025-04-04,0.4286,3.0,7,ansiedad,,,,Bajo
1184,2910,3,IINF,81.4,7,7,3,0,1,0,M,24,Casado,2025-04-01,2025-04-04,0.1429,1.0,7,ansiedad,,,,Bajo
1185,2911,3,ICD,87.3,6,7,3,0,0,0,F,25,Soltero,2025-04-01,2025-04-04,0.0,0.0,7,ansiedad,,,,
1186,2912,3,IGE,87.3,2,7,0,0,1,0,M,25,Soltero,2025-04-01,2025-04-04,0.0,0.0,7,ansiedad,,,,
1187,2913,3,ISC,84.0,8,8,1,0,0,0,F,26,Soltero,2025-04-01,2025-04-04,0.7143,5.0,7,ansiedad,,,,Bajo
1188,2914,3,IINF,76.3,5,5,1,0,0,1,F,28,Soltero,2025-04-01,2025-04-04,1.4286,10.0,7,ansiedad,,,,Medio
1189,2915,3,ISC,86.4,2,4,2,0,0,0,M,20,Soltero,2025-04-01,2025-04-04,1.2857,9.0,7,ansiedad,,,,Medio
1190,2916,3,IINF,93.5,4,7,1,0,0,0,F,18,Soltero,2025-04-01,2025-04-04,0.8571,6.0,7,ansiedad,,,,Bajo
1191,2917,3,IGE,72.4,1,8,0,0,1,0,M,25,Casado,2025-04-01,2025-04-04,0.1429,1.0,7,ansiedad,,,,Bajo
1192,2918,3,IGE,91.8,2,8,1,0,1,1,F,24,Soltero,2025-04-01,2025-04-04,0.1429,1.0,7,ansiedad,,,,Bajo
1193,2919,3,IGE,85.7,4,8,3,0,0,0,F,20,Soltero,2025-04-01,2025-04-04,0.5714,4.0,7,ansiedad,,,,Bajo
1194,2920,3,IINF,89.9,3,7,1,0,0,1,M,19,Soltero,2025-04-01,2025-04-04,0.8571,6.0,7,ansiedad,,,,Bajo
1195,2921,3,IINF,87.7,7,4,3,0,1,1,F,22,Soltero,2025-04-01,2025-04-04,0.7143,5.0,7,ansiedad,,,,Bajo
1196,2922,3,ISC,82.2,4,7,2,0,1,0,M,20,Soltero,2025-04-01,2025-04-04,1.2857,9.0,7,ansiedad,,,,Medio
1197,2923,3,ICD,83.1,4,8,0,0,0,0,M,28,Soltero,2025-04-01,2025-04-04,0.5714,4.0,7,ansiedad,,,,Bajo
1198,2924,3,ICD,86.2,8,6,2,0,1,0,M,21,Soltero,2025-04-01,2025-04-04,1.0,7.0,7,ansiedad,,,,Bajo
1199,2925,3,IGE,73.5,2,6,1,0,1,0,M,28,Soltero,2025-04-01,2025-04-04,0.5714,4.0,7,ansiedad,,,,Bajo
1200,2926,3,ICD,94.1,3,5,3,0,0,0,M,26,Soltero,2025-04-01,2025-04-04,0.2857,2.0,7,ansiedad,,,,Bajo
1201,2927,3,ISC,92.0,9,7,1,0,0,1,F,24,Soltero,2025-04-01,2025-04-04,1.0,7.0,7,ansiedad,,,,Bajo
1202,2928,3,ISC,94.0,1,7,0,0,1,1,F,20,Soltero,2025-04-01,2025-04-04,0.4286,3.0,7,ansiedad,,,,Bajo
1203,2929,3,ISC,73.3,6,6,0,0,0,0,M,20,Soltero,2025-04-01,2025-04-04,0.1429,1.0,7,ansiedad,,,,Bajo
1204,2930,3,IGE,82.0,8,4,1,0,0,1,M,24,Soltero,2025-04-01,2025-04-04,0.1429,1.0,7,ansiedad,,,,Bajo
1205,2931,3,IINF,85.3,9,5,1,0,0,0,F,28,Casado,2025-04-01,2025-04-04,1.0,7.0,7,ansiedad,,,,Bajo
1206,2932,3,ICD,74.2,8,6,0,0,1,0,F,28,Soltero,2025-04-01,2025-04-04,1.2857,9.0,7,ansiedad,,,,Medio
1207,2933,3,ICD,71.3,6,8,3,0,0,0,M,19,Soltero,2025-04-01,2025-04-04,0.1429,1.0,7,ansiedad,,,,Bajo
1208,2934,3,ICD,70.4,10,8,3,0,0,0,M,20,Soltero,2025-04-01,2025-04-04,0.5714,4.0,7,ansiedad,,,,Bajo
1209,2935,3,ISC,82.0,1,5,1,0,0,0,F,26,Casado,2025-04-01,2025-04-04,0.5714,4.0,7,ansiedad,,,,Bajo
1210,2936,3,ISC,83.9,10,4,1,0,0,0,M,18,Soltero,2025-04-01,2025-04-04,0.0,0.0,7,ansiedad,,,,
1211,2937,3,IINF,81.2,5,5,3,0,0,1,M,22,Soltero,2025-04-01,2025-04-04,0.1429,1.0,7,ansiedad,,,,Bajo
1212,2938,3,ISC,84.4,6,4,0,0,1,0,M,19,Casado,2025-04-01,2025-04-04,0.0,0.0,7,ansiedad,,,,
1213,2939,3,ISC,92.2,10,7,3,0,0,0,F,18,Soltero,2025-04-01,2025-04-04,1.4286,10.0,7,ansiedad,,,,Medio
1214,2940,3,ICD,88.1,5,7,0,0,1,0,M,25,Soltero,2025-04-01,2025-04-04,0.4286,3.0,7,ansiedad,,,,Bajo
1215,2941,3,ISC,93.8,6,8,0,0,0,0,M,25,Soltero,2025-04-01,2025-04-04,0.1429,1.0,7,ansiedad,,,,Bajo
1216,2942,3,IINF,76.6,6,8,0,0,0,1,F,28,Soltero,2025-04-01,2025-04-04,0.0,0.0,7,ansiedad,,,,
1217,2943,3,IINF,93.9,8,4,2,0,0,0,M,25,Soltero,2025-04-01,2025-04-04,0.0,0.0,7,ansiedad,,,,
1218,2944,3,IINF,72.2,3,7,2,0,0,0,F,18,Soltero,2025-04-01,2025-04-04,0.4286,3.0,7,ansiedad,,,,Bajo
1219,2945,3,IGE,73.3,4,5,1,0,1,0,F,22,Soltero,2025-04-01,2025-04-04,0.4286,3.0,7,ansiedad,,,,Bajo
1220,2946,3,IINF,93.1,8,4,1,0,0,1,F,21,Soltero,2025-04-01,2025-04-04,0.4286,3.0,7,ansiedad,,,,Bajo
1221,2947,3,ICD,80.5,6,8,0,0,0,1,F,28,Soltero,2025-04-01,2025-04-04,0.4286,3.0,7,ansiedad,,,,Bajo
1222,2948,3,IINF,92.3,4,4,0,0,1,0,M,19,Soltero,2025-04-01,2025-04-04,0.2857,2.0,7,ansiedad,,,,Bajo
1223,2949,3,ISC,73.3,10,6,0,0,0,1,F,26,Soltero,2025-04-01,2025-04-04,0.2857,2.0,7,ansiedad,,,,Bajo
1224,2950,3,ISC,76.8,7,5,0,0,0,0,M,23,Soltero,2025-04-01,2025-04-04,0.4286,3.0,7,ansiedad,,,,Bajo
1225,2951,3,IINF,87.0,9,5,3,0,1,0,F,23,Soltero,2025-04-01,2025-04-04,0.0,0.0,7,ansiedad,,,,
1226,2952,3,IGE,93.0,7,7,0,0,1,1,M,28,Soltero,2025-04-01,2025-04-04,0.2857,2.0,7,ansiedad,,,,Bajo
1227,2953,3,ICD,94.8,3,6,3,0,0,0,F,23,Soltero,2025-04-01,2025-04-04,0.0,0.0,7,ansiedad,,,,
1228,2954,3,IGE,77.9,1,6,2,0,0,1,M,18,Soltero,2025-04-01,2025-04-04,0.4286,3.0,7,ansiedad,,,,Bajo
1229,2955,3,ISC,83.0,7,8,2,0,0,0,F,23,Soltero,2025-04-01,2025-04-04,0.4286,3.0,7,ansiedad,,,,Bajo
1230,2956,3,ISC,78.2,10,7,3,0,0,0,F,23,Soltero,2025-04-01,2025-04-04,0.0,0.0,7,ansiedad,,,,
1231,2957,3,ICD,90.9,2,8,1,0,0,0,M,18,Soltero,2025-04-01,2025-04-04,0.8571,6.0,7,ansiedad,,,,Bajo
1232,2958,3,IINF,91.2,10,7,2,0,0,0,F,25,Soltero,2025-04-01,2025-04-04,0.7143,5.0,7,ansiedad,,,,Bajo
1233,2959,3,IINF,79.2,3,4,1,0,0,0,M,25,Soltero,2025-04-01,2025-04-04,1.0,7.0,7,ansiedad,,,,Bajo
1234,2960,3,IGE,93.5,4,8,1,0,0,0,M,26,Soltero,2025-04-01,2025-04-04,1.4286,10.0,7,ansiedad,,,,Medio
1235,2961,3,IGE,87.5,6,5,3,0,1,1,M,22,Soltero,2025-04-01,2025-04-04,0.0,0.0,7,ansiedad,,,,
1236,2962,3,ICD,70.7,10,8,3,0,0,1,M,22,Casado,2025-04-01,2025-04-04,1.4286,10.0,7,ansiedad,,,,Medio
1237,2963,3,IINF,83.9,8,5,3,0,1,0,M,21,Soltero,2025-04-01,2025-04-04,0.5714,4.0,7,ansiedad,,,,Bajo
1238,2964,3,IGE,94.4,4,7,2,0,0,0,M,23,Soltero,2025-04-01,2025-04-04,0.4286,3.0,7,ansiedad,,,,Bajo
1239,2965,3,ISC,90.0,8,4,2,0,0,1,F,28,Soltero,2025-04-01,2025-04-04,0.2857,2.0,7,ansiedad,,,,Bajo
1240,2966,3,ISC,88.0,7,6,2,0,0,0,M,26,Casado,2025-04-01,2025-04-04,0.0,0.0,7,ansiedad,,,,
1241,2967,3,IGE,77.1,7,6,0,0,1,0,M,23,Casado,2025-04-01,2025-04-04,0.7143,5.0,7,ansiedad,,,,Bajo
1242,2968,3,IINF,78.4,8,7,2,0,0,0,M,25,Soltero,2025-04-01,2025-04-04,0.4286,3.0,7,ansiedad,,,,Bajo
1243,2969,3,IGE,81.9,2,4,2,0,0,0,F,28,Soltero,2025-04-01,2025-04-04,0.0,0.0,7,ansiedad,,,,
1244,2970,3,IGE,83.7,5,6,1,0,0,0,M,26,Soltero,2025-04-01,2025-04-04,0.1429,1.0,7,ansiedad,,,,Bajo
1245,2971,3,ICD,79.4,1,5,3,0,0,0,M,26,Soltero,2025-04-01,2025-04-04,0.5714,4.0,7,ansiedad,,,,Bajo
1246,2972,3,IGE,89.9,3,6,3,0,0,0,F,21,Soltero,2025-04-01,2025-04-04,0.0,0.0,7,ansiedad,,,,
1247,2973,3,ICD,74.0,2,5,1,0,0,0,F,20,Soltero,2025-04-01,2025-04-04,1.0,7.0,7,ansiedad,,,,Bajo
1248,2974,3,IINF,85.0,6,8,0,0,1,0,F,18,Soltero,2025-04-01,2025-04-04,0.4286,3.0,7,ansiedad,,,,Bajo
1249,2975,3,IGE,83.8,4,5,3,0,0,0,M,28,Casado,2025-04-01,2025-04-04,0.5714,4.0,7,ansiedad,,,,Bajo
1250,2976,3,ISC,76.2,10,6,2,0,0,0,M,23,Soltero,2025-04-01,2025-04-04,0.0,0.0,7,ansiedad,,,,
1251,2977,3,ISC,85.0,6,5,0,0,0,1,F,28,Soltero,2025-04-01,2025-04-04,0.1429,1.0,7,ansiedad,,,,Bajo
1252,2978,3,IGE,93.1,8,4,2,0,0,0,F,26,Soltero,2025-04-01,2025-04-04,0.0,0.0,7,ansiedad,,,,
1253,2979,3,ISC,90.9,4,4,2,0,1,0,F,22,Soltero,2025-04-01,2025-04-04,0.8571,6.0,7,ansiedad,,,,Bajo
1254,2980,3,IINF,78.8,5,7,0,0,1,1,F,25,Casado,2025-04-01,2025-04-04,0.1429,1.0,7,ansiedad,,,,Bajo
1255,2981,3,IGE,83.1,1,7,3,0,1,0,M,27,Soltero,2025-04-01,2025-04-04,0.0,0.0,7,ansiedad,,,,
1256,2982,3,ICD,85.2,6,7,1,0,0,0,M,23,Soltero,2025-04-01,2025-04-04,0.1429,1.0,7,ansiedad,,,,Bajo
1257,2983,3,IGE,70.3,6,4,3,0,0,0,M,28,Soltero,2025-04-01,2025-04-04,0.1429,1.0,7,ansiedad,,,,Bajo
1258,2984,3,ISC,82.7,3,6,0,0,0,1,M,26,Soltero,2025-04-01,2025-04-04,1.1429,8.0,7,ansiedad,,,,Medio
1259,2985,3,ICD,93.7,6,8,2,0,0,0,M,19,Soltero,2025-04-01,2025-04-04,1.0,7.0,7,ansiedad,,,,Bajo
1260,2986,3,IINF,77.8,10,8,3,0,1,0,M,28,Soltero,2025-04-01,2025-04-04,0.5714,4.0,7,ansiedad,,,,Bajo
1261,2987,3,ISC,81.0,9,5,2,0,0,0,F,24,Soltero,2025-04-01,2025-04-04,0.0,0.0,7,ansiedad,,,,
1262,2988,3,IINF,92.1,2,5,0,0,0,0,F,23,Soltero,2025-04-01,2025-04-04,0.5714,4.0,7,ansiedad,,,,Bajo
1263,2989,3,IINF,77.4,6,6,1,0,0,1,F,27,Soltero,2025-04-01,2025-04-04,0.8571,6.0,7,ansiedad,,,,Bajo
1264,2990,3,IGE,94.3,8,4,0,0,1,0,F,25,Soltero,2025-04-01,2025-04-04,0.4286,3.0,7,ansiedad,,,,Bajo
1265,2991,3,IINF,77.4,2,4,2,0,0,0,F,23,Soltero,2025-04-01,2025-04-04,0.8571,6.0,7,ansiedad,,,,Bajo
1266,2992,3,IGE,92.6,7,7,3,0,0,0,M,25,Soltero,2025-04-01,2025-04-04,0.8571,6.0,7,ansiedad,,,,Bajo
1267,2993,3,IGE,90.4,3,8,3,0,0,0,F,28,Casado,2025-04-01,2025-04-04,0.4286,3.0,7,ansiedad,,,,Bajo
1268,2994,3,ICD,85.7,4,7,0,0,0,0,F,19,Casado,2025-04-01,2025-04-04,0.5714,4.0,7,ansiedad,,,,Bajo
1269,2995,3,IINF,87.3,5,6,3,0,0,0,M,18,Soltero,2025-04-01,2025-04-04,0.1429,1.0,7,ansiedad,,,,Bajo
1270,2996,3,IINF,80.4,5,7,1,0,1,0,M,25,Soltero,2025-04-01,2025-04-04,0.2857,2.0,7,ansiedad,,,,Bajo
1271,2997,3,ISC,86.1,1,6,3,0,1,0,M,28,Soltero,2025-04-01,2025-04-04,0.1429,1.0,7,ansiedad,,,,Bajo
1272,2998,3,IINF,87.0,7,8,3,0,0,0,M,21,Casado,2025-04-01,2025-04-04,0.4286,3.0,7,ansiedad,,,,Bajo
1273,2999,3,ICD,84.7,9,8,0,0,0,0,M,25,Soltero,2025-04-01,2025-04-04,1.0,7.0,7,ansiedad,,,,Bajo
1274,3000,3,ICD,82.7,10,8,2,0,0,0,M,19,Soltero,2025-04-01,2025-04-04,1.4286,10.0,7,ansiedad,,,,Medio
1275,3001,3,IGE,91.4,10,4,3,0,0,0,F,18,Soltero,2025-04-01,2025-04-04,0.1429,1.0,7,ansiedad,,,,Bajo
1276,3002,3,ICD,82.3,4,8,3,0,0,0,F,25,Soltero,2025-04-01,2025-04-04,0.2857,2.0,7,ansiedad,,,,Bajo
1277,3003,3,IINF,91.4,3,5,0,0,0,0,F,21,Soltero,2025-04-01,2025-04-04,0.0,0.0,7,ansiedad,,,,
1278,3004,3,IGE,94.6,1,8,1,0,0,0,M,20,Soltero,2025-04-01,2025-04-04,0.0,0.0,7,ansiedad,,,,
1279,3005,3,IGE,94.9,9,7,0,0,0,0,M,21,Soltero,2025-04-01,2025-04-04,0.0,0.0,7,ansiedad,,,,
1280,3006,3,ICD,88.3,2,8,0,0,0,1,F,27,Soltero,2025-04-01,2025-04-04,0.2857,2.0,7,ansiedad,,,,Bajo
1281,3007,3,ICD,74.1,3,7,3,0,1,1,M,21,Soltero,2025-04-01,2025-04-04,0.2857,2.0,7,ansiedad,,,,Bajo
1282,3008,3,IINF,91.1,2,7,1,0,1,0,M,24,Soltero,2025-04-01,2025-04-04,0.8571,6.0,7,ansiedad,,,,Bajo
1283,3009,3,ISC,78.8,3,5,2,0,0,1,F,23,Soltero,2025-04-01,2025-04-04,0.1429,1.0,7,ansiedad,,,,Bajo
1284,3010,3,ISC,78.5,10,6,0,0,0,0,M,27,Soltero,2025-04-01,2025-04-04,0.0,0.0,7,ansiedad,,,,
1285,3011,3,ICD,88.7,8,5,3,0,1,0,F,19,Soltero,2025-04-01,2025-04-04,0.4286,3.0,7,ansiedad,,,,Bajo
