id,usuario,nombre,apellido,email,password,tema,status,creacion,id,id_alumno,id_aplicacion,carrera,promedio_anterior,semestre,materias,transporte,familiares,trabajo,beca,sexo,edad,estado_civil
3012,est1_151208111583,Estudiante1,Hibrido1,est1@hibrido.com,$2y$10$abc123,light,1,2026-02-03 15:12:08,1286,3012,3,ICD,77.4,3,8,3,0,0,0,M,26,Soltero
3013,est2_151208120161,Estudiante2,Hibrido2,est2@hibrido.com,$2y$10$abc123,light,1,2026-02-03 15:12:08,1287,3013,3,IGE,79.6,6,7,0,0,0,0,M,23,Soltero
3014,est3_151208136329,Estudiante3,Hibrido3,est3@hibrido.com,$2y$10$abc123,light,1,2026-02-03 15:12:08,1288,3014,3,ISC,91.3,6,8,3,0,0,0,M,26,Casado
3015,est4_151208137848,Estudiante4,Hibrido4,est4@hibrido.com,$2y$10$abc123,light,1,2026-02-03 15:12:08,1289,3015,3,ICD,77.9,3,7,1,0,0,0,M,20,Soltero
3016,est5_151208147224,Estudiante5,Hibrido5,est5@hibrido.com,$2y$10$abc123,light,1,2026-02-03 15:12:08,1290,3016,3,ICD,74.2,7,8,2,0,1,0,M,20,Soltero
3017,est6_151208149989,Estudiante6,Hibrido6,est6@hibrido.com,$2y$10$abc123,light,1,2026-02-03 15:12:08,1291,3017,3,IGE,83.9,3,8,0,0,0,0,M,23,Soltero
3018,est7_151208149989,Estudiante7,Hibrido7,est7@hibrido.com,$2y$10$abc123,light,1,2026-02-03 15:12:08,1292,3018,3,ISC,93.4,8,4,2,0,1,0,F,26,Soltero
3019,est8_151208149989,Estudiante8,Hibrido8,est8@hibrido.com,$2y$10$abc123,light,1,2026-02-03 15:12:08,1293,3019,3,ISC,87.4,10,5,3,0,0,0,F,24,Soltero
3020,est9_151208157232,Estudiante9,Hibrido9,est9@hibrido.com,$2y$10$abc123,light,1,2026-02-03 15:12:08,1294,3020,3,ICD,84.3,4,8,2,0,0,0,F,20,Soltero
3021,est10_151208159601,Estudiante10,Hibrido10,est10@hibrido.com,$2y$10$abc123,light,1,2026-02-03 15:12:08,1295,3021,3,IINF,72.4,1,8,3,0,0,0,F,20,Soltero
3022,est11_151208159601,Estudiante11,Hibrido11,est11@hibrido.com,$2y$10$abc123,light,1,2026-02-03 15:12:08,1296,3022,3,ICD,85.4,4,6,3,0,1,0,M,19,Soltero
3023,est12_151208159601,Estudiante12,Hibrido12,est12@hibrido.com,$2y$10$abc123,light,1,2026-02-03 15:12:08,1297,3023,3,ICD,94.8,7,5,1,0,0,1,F,26,Soltero
3024,est13_151208166378,Estudiante13,Hibrido13,est13@hibrido.com,$2y$10$abc123,light,1,2026-02-03 15:12:08,1298,3024,3,ICD,73.5,4,6,3,0,0,0,M,20,Soltero
3025,est14_151208167903,Estudiante14,Hibrido14,est14@hibrido.com,$2y$10$abc123,light,1,2026-02-03 15:12:08,1299,3025,3,ICD,83.0,6,5,1,0,0,0,F,22,Casado
3026,est15_151208167903,Estudiante15,Hibrido15,est15@hibrido.com,$2y$10$abc123,light,1,2026-02-03 15:12:08,1300,3026,3,IGE,91.9,9,6,1,0,0,0,F,26,Soltero
3027,est16_151208174483,Estudiante16,Hibrido16,est16@hibrido.com,$2y$10$abc123,light,1,2026-02-03 15:12:08,1301,3027,3,ISC,88.5,1,8,1,0,0,0,F,25,Casado
3028,est17_151208177947,Estudiante17,Hibrido17,est17@hibrido.com,$2y$10$abc123,light,1,2026-02-03 15:12:08,1302,3028,3,IGE,87.4,5,8,0,0,1,0,F,19,Soltero
3029,est18_151208177947,Estudiante18,Hibrido18,est18@hibrido.com,$2y$10$abc123,light,1,2026-02-03 15:12:08,1303,3029,3,IGE,87.6,7,4,0,0,0,0,F,20,Casado
3030,est19_151208182826,Estudiante19,Hibrido19,est19@hibrido.com,$2y$10$abc123,light,1,2026-02-03 15:12:08,1304,3030,3,IGE,79.0,1,6,3,0,0,0,M,19,Casado
3031,est20_151208182826,Estudiante20,Hibrido20,est20@hibrido.com,$2y$10$abc123,light,1,2026-02-03 15:12:08,1305,3031,3,ICD,77.3,4,7,1,0,0,0,M,25,Soltero
3032,est21_151208187047,Estudiante21,Hibrido21,est21@hibrido.com,$2y$10$abc123,light,1,2026-02-03 15:12:08,1306,3032,3,IINF,90.2,6,4,0,0,0,0,F,23,Soltero
3033,est22_151208188622,Estudiante22,Hibrido22,est22@hibrido.com,$2y$10$abc123,light,1,2026-02-03 15:12:08,1307,3033,3,ISC,90.3,2,6,1,0,1,0,M,23,Soltero
3034,est23_151208189466,Estudiante23,Hibrido23,est23@hibrido.com,$2y$10$abc123,light,1,2026-02-03 15:12:08,1308,3034,3,IINF,91.7,10,6,2,0,0,0,F,26,Soltero
3035,est24_151208191243,Estudiante24,Hibrido24,est24@hibrido.com,$2y$10$abc123,light,1,2026-02-03 15:12:08,1309,3035,3,IGE,92.8,5,4,2,0,0,0,F,25,Soltero
3036,est25_151208191243,Estudiante25,Hibrido25,est25@hibrido.com,$2y$10$abc123,light,1,2026-02-03 15:12:08,1310,3036,3,IGE,82.8,10,8,2,0,0,0,M,21,Soltero
3037,est26_151208191243,Estudiante26,Hibrido26,est26@hibrido.com,$2y$10$abc123,light,1,2026-02-03 15:12:08,1311,3037,3,IINF,82.5,1,6,3,0,1,1,F,21,Soltero
3038,est27_151208191243,Estudiante27,Hibrido27,est27@hibrido.com,$2y$10$abc123,light,1,2026-02-03 15:12:08,1312,3038,3,IINF,90.0,6,8,1,0,1,0,F,26,Soltero
3039,est28_151208198056,Estudiante28,Hibrido28,est28@hibrido.com,$2y$10$abc123,light,1,2026-02-03 15:12:08,1313,3039,3,IINF,86.2,6,4,2,0,0,0,F,18,Casado
3040,est29_151208199682,Estudiante29,Hibrido29,est29@hibrido.com,$2y$10$abc123,light,1,2026-02-03 15:12:08,1314,3040,3,IGE,87.5,4,8,0,0,0,0,F,19,Soltero
3041,est30_151208199682,Estudiante30,Hibrido30,est30@hibrido.com,$2y$10$abc123,light,1,2026-02-03 15:12:08,1315,3041,3,IGE,89.9,8,5,2,0,0,1,M,19,Soltero
3042,est31_151208199682,Estudiante31,Hibrido31,est31@hibrido.com,$2y$10$abc123,light,1,2026-02-03 15:12:08,1316,3042,3,ISC,92.3,4,7,2,0,1,0,F,23,Soltero
3043,est32_151208199682,Estudiante32,Hibrido32,est32@hibrido.com,$2y$10$abc123,light,1,2026-02-03 15:12:08,1317,3043,3,ISC,78.4,8,6,2,0,0,0,F,21,Casado
3044,est33_151208199682,Estudiante33,Hibrido33,est33@hibrido.com,$2y$10$abc123,light,1,2026-02-03 15:12:08,1318,3044,3,IGE,79.4,8,7,3,0,0,0,M,27,Soltero
3045,est34_151208208168,Estudiante34,Hibrido34,est34@hibrido.com,$2y$10$abc123,light,1,2026-02-03 15:12:08,1319,3045,3,IINF,72.3,5,8,0,0,0,0,M,20,Soltero
3046,est35_151208208168,Estudiante35,Hibrido35,est35@hibrido.com,$2y$10$abc123,light,1,2026-02-03 15:12:08,1320,3046,3,IINF,84.5,4,6,1,0,0,0,F,20,Soltero
3047,est36_151208208168,Estudiante36,Hibrido36,est36@hibrido.com,$2y$10$abc123,light,1,2026-02-03 15:12:08,1321,3047,3,ISC,70.9,2,8,0,0,0,0,M,20,Soltero
3048,est37_151208208168,Estudiante37,Hibrido37,est37@hibrido.com,$2y$10$abc123,light,1,2026-02-03 15:12:08,1322,3048,3,IGE,81.6,3,5,1,0,1,1,F,23,Soltero
3049,est38_151208208168,Estudiante38,Hibrido38,est38@hibrido.com,$2y$10$abc123,light,1,2026-02-03 15:12:08,1323,3049,3,ISC,83.6,3,4,3,0,0,0,F,25,Casado
3050,est39_151208216673,Estudiante39,Hibrido39,est39@hibrido.com,$2y$10$abc123,light,1,2026-02-03 15:12:08,1324,3050,3,ISC,77.2,4,6,3,0,0,0,M,24,Soltero
3051,est40_151208218211,Estudiante40,Hibrido40,est40@hibrido.com,$2y$10$abc123,light,1,2026-02-03 15:12:08,1325,3051,3,ICD,84.8,4,5,3,0,0,1,F,21,Soltero
3052,est41_151208218211,Estudiante41,Hibrido41,est41@hibrido.com,$2y$10$abc123,light,1,2026-02-03 15:12:08,1326,3052,3,ICD,70.8,10,5,3,0,1,0,F,21,Casado
3053,est42_151208218211,Estudiante42,Hibrido42,est42@hibrido.com,$2y$10$abc123,light,1,2026-02-03 15:12:08,1327,3053,3,ICD,70.9,5,6,1,0,0,0,M,27,Soltero
3054,est43_151208222525,Estudiante43,Hibrido43,est43@hibrido.com,$2y$10$abc123,light,1,2026-02-03 15:12:08,1328,3054,3,IINF,90.6,4,8,2,0,1,0,M,19,Soltero
3055,est44_151208225145,Estudiante44,Hibrido44,est44@hibrido.com,$2y$10$abc123,light,1,2026-02-03 15:12:08,1329,3055,3,IGE,79.0,10,5,1,0,0,0,M,18,Casado
3056,est45_151208225145,Estudiante45,Hibrido45,est45@hibrido.com,$2y$10$abc123,light,1,2026-02-03 15:12:08,1330,3056,3,IGE,73.2,8,7,0,0,0,0,M,26,Soltero
3057,est46_151208228194,Estudiante46,Hibrido46,est46@hibrido.com,$2y$10$abc123,light,1,2026-02-03 15:12:08,1331,3057,3,IGE,83.1,6,5,3,0,0,1,F,19,Soltero
3058,est47_151208229500,Estudiante47,Hibrido47,est47@hibrido.com,$2y$10$abc123,light,1,2026-02-03 15:12:08,1332,3058,3,IGE,89.2,6,8,3,0,0,0,M,25,Soltero
3059,est48_151208229500,Estudiante48,Hibrido48,est48@hibrido.com,$2y$10$abc123,light,1,2026-02-03 15:12:08,1333,3059,3,ICD,75.4,8,8,0,0,0,0,F,26,Soltero
3060,est49_151208233519,Estudiante49,Hibrido49,est49@hibrido.com,$2y$10$abc123,light,1,2026-02-03 15:12:08,1334,3060,3,IINF,85.6,7,7,1,0,1,0,M,21,Soltero
3061,est50_151208237320,Estudiante50,Hibrido50,est50@hibrido.com,$2y$10$abc123,light,1,2026-02-03 15:12:08,1335,3061,3,IINF,72.1,10,5,2,0,0,1,M,25,Soltero
3062,est51_151208237866,Estudiante51,Hibrido51,est51@hibrido.com,$2y$10$abc123,light,1,2026-02-03 15:12:08,1336,3062,3,ICD,71.3,10,8,2,0,0,1,F,26,Soltero
3063,est52_151208237866,Estudiante52,Hibrido52,est52@hibrido.com,$2y$10$abc123,light,1,2026-02-03 15:12:08,1337,3063,3,IINF,83.3,8,6,0,0,0,1,F,27,Casado
3064,est53_151208241574,Estudiante53,Hibrido53,est53@hibrido.com,$2y$10$abc123,light,1,2026-02-03 15:12:08,1338,3064,3,ICD,83.5,2,4,2,0,1,0,M,27,Soltero
3065,est54_151208241574,Estudiante54,Hibrido54,est54@hibrido.com,$2y$10$abc123,light,1,2026-02-03 15:12:08,1339,3065,3,IGE,85.9,9,4,1,0,1,0,M,22,Casado
3066,est55_151208241574,Estudiante55,Hibrido55,est55@hibrido.com,$2y$10$abc123,light,1,2026-02-03 15:12:08,1340,3066,3,ICD,88.2,1,4,1,0,0,0,M,24,Casado
3067,est56_151208247252,Estudiante56,Hibrido56,est56@hibrido.com,$2y$10$abc123,light,1,2026-02-03 15:12:08,1341,3067,3,IGE,94.4,8,5,0,0,1,0,M,27,Soltero
3068,est57_151208248296,Estudiante57,Hibrido57,est57@hibrido.com,$2y$10$abc123,light,1,2026-02-03 15:12:08,1342,3068,3,IGE,82.9,4,7,1,0,0,0,F,21,Soltero
3069,est58_151208250057,Estudiante58,Hibrido58,est58@hibrido.com,$2y$10$abc123,light,1,2026-02-03 15:12:08,1343,3069,3,ISC,78.1,4,8,3,0,0,0,M,18,Soltero
3070,est59_151208250057,Estudiante59,Hibrido59,est59@hibrido.com,$2y$10$abc123,light,1,2026-02-03 15:12:08,1344,3070,3,ICD,89.9,5,6,0,0,1,0,M,20,Soltero
3071,est60_151208250057,Estudiante60,Hibrido60,est60@hibrido.com,$2y$10$abc123,light,1,2026-02-03 15:12:08,1345,3071,3,ISC,76.8,8,6,1,0,1,0,M,22,Casado
3072,est61_151208257297,Estudiante61,Hibrido61,est61@hibrido.com,$2y$10$abc123,light,1,2026-02-03 15:12:08,1346,3072,3,ICD,81.0,5,5,0,0,0,0,F,20,Soltero
3073,est62_151208259728,Estudiante62,Hibrido62,est62@hibrido.com,$2y$10$abc123,light,1,2026-02-03 15:12:08,1347,3073,3,ICD,72.0,8,4,2,0,0,0,F,24,Soltero
3074,est63_151208259728,Estudiante63,Hibrido63,est63@hibrido.com,$2y$10$abc123,light,1,2026-02-03 15:12:08,1348,3074,3,ISC,70.6,10,5,1,0,0,0,M,26,Soltero
3075,est64_151208259728,Estudiante64,Hibrido64,est64@hibrido.com,$2y$10$abc123,light,1,2026-02-03 15:12:08,1349,3075,3,ISC,94.1,1,7,3,0,1,0,F,23,Soltero
3076,est65_151208259728,Estudiante65,Hibrido65,est65@hibrido.com,$2y$10$abc123,light,1,2026-02-03 15:12:08,1350,3076,3,ICD,90.9,10,7,1,0,0,0,M,27,Soltero
3077,est66_151208267879,Estudiante66,Hibrido66,est66@hibrido.com,$2y$10$abc123,light,1,2026-02-03 15:12:08,1351,3077,3,IINF,87.4,9,8,0,0,0,1,M,18,Soltero
3078,est67_151208267879,Estudiante67,Hibrido67,est67@hibrido.com,$2y$10$abc123,light,1,2026-02-03 15:12:08,1352,3078,3,IGE,80.2,6,8,0,0,0,0,F,24,Soltero
3079,est68_151208267879,Estudiante68,Hibrido68,est68@hibrido.com,$2y$10$abc123,light,1,2026-02-03 15:12:08,1353,3079,3,ISC,74.3,3,7,1,0,0,0,F,20,Soltero
3080,est69_151208272515,Estudiante69,Hibrido69,est69@hibrido.com,$2y$10$abc123,light,1,2026-02-03 15:12:08,1354,3080,3,IGE,73.9,8,7,3,0,0,0,F,22,Soltero
3081,est70_151208272515,Estudiante70,Hibrido70,est70@hibrido.com,$2y$10$abc123,light,1,2026-02-03 15:12:08,1355,3081,3,IINF,76.3,9,7,3,0,1,1,F,27,Soltero
3082,est71_151208274539,Estudiante71,Hibrido71,est71@hibrido.com,$2y$10$abc123,light,1,2026-02-03 15:12:08,1356,3082,3,IINF,83.7,6,5,3,0,0,0,M,21,Soltero
3083,est72_151208278011,Estudiante72,Hibrido72,est72@hibrido.com,$2y$10$abc123,light,1,2026-02-03 15:12:08,1357,3083,3,IINF,87.9,7,7,0,0,0,0,F,27,Casado
3084,est73_151208278011,Estudiante73,Hibrido73,est73@hibrido.com,$2y$10$abc123,light,1,2026-02-03 15:12:08,1358,3084,3,ISC,86.5,1,6,1,0,0,0,M,22,Soltero
3085,est74_151208278011,Estudiante74,Hibrido74,est74@hibrido.com,$2y$10$abc123,light,1,2026-02-03 15:12:08,1359,3085,3,IINF,77.0,5,4,2,0,1,0,F,22,Soltero
3086,est75_151208282795,Estudiante75,Hibrido75,est75@hibrido.com,$2y$10$abc123,light,1,2026-02-03 15:12:08,1360,3086,3,ISC,93.9,5,7,0,0,0,0,M,23,Soltero
3087,est76_151208282795,Estudiante76,Hibrido76,est76@hibrido.com,$2y$10$abc123,light,1,2026-02-03 15:12:08,1361,3087,3,IINF,88.4,10,4,3,0,0,0,F,27,Soltero
3088,est77_151208282795,Estudiante77,Hibrido77,est77@hibrido.com,$2y$10$abc123,light,1,2026-02-03 15:12:08,1362,3088,3,IGE,83.9,4,5,1,0,1,1,M,27,Casado
3089,est78_151208288269,Estudiante78,Hibrido78,est78@hibrido.com,$2y$10$abc123,light,1,2026-02-03 15:12:08,1363,3089,3,IGE,85.3,6,4,3,0,1,0,M,23,Soltero
3090,est79_151208288800,Estudiante79,Hibrido79,est79@hibrido.com,$2y$10$abc123,light,1,2026-02-03 15:12:08,1364,3090,3,ICD,80.5,7,5,2,0,1,1,F,25,Soltero
3091,est80_151208290945,Estudiante80,Hibrido80,est80@hibrido.com,$2y$10$abc123,light,1,2026-02-03 15:12:08,1365,3091,3,IGE,76.2,9,6,3,0,1,0,M,25,Soltero
3092,est81_151208290945,Estudiante81,Hibrido81,est81@hibrido.com,$2y$10$abc123,light,1,2026-02-03 15:12:08,1366,3092,3,ICD,78.9,1,5,3,0,0,0,M,26,Soltero
3093,est82_151208290945,Estudiante82,Hibrido82,est82@hibrido.com,$2y$10$abc123,light,1,2026-02-03 15:12:08,1367,3093,3,IGE,88.9,6,5,2,0,1,1,M,25,Soltero
3094,est83_151208297136,Estudiante83,Hibrido83,est83@hibrido.com,$2y$10$abc123,light,1,2026-02-03 15:12:08,1368,3094,3,ISC,70.4,7,8,1,0,0,0,M,19,Soltero
3095,est84_151208299627,Estudiante84,Hibrido84,est84@hibrido.com,$2y$10$abc123,light,1,2026-02-03 15:12:08,1369,3095,3,IGE,72.9,3,7,0,0,1,0,M,27,Soltero
3096,est85_151208299627,Estudiante85,Hibrido85,est85@hibrido.com,$2y$10$abc123,light,1,2026-02-03 15:12:08,1370,3096,3,ICD,71.2,8,7,1,0,1,0,M,18,Soltero
3097,est86_151208299627,Estudiante86,Hibrido86,est86@hibrido.com,$2y$10$abc123,light,1,2026-02-03 15:12:08,1371,3097,3,ICD,71.0,5,6,2,0,1,0,F,27,Soltero
3098,est87_151208299627,Estudiante87,Hibrido87,est87@hibrido.com,$2y$10$abc123,light,1,2026-02-03 15:12:08,1372,3098,3,IINF,91.4,9,6,3,0,0,0,M,19,Casado
3099,est88_151208299627,Estudiante88,Hibrido88,est88@hibrido.com,$2y$10$abc123,light,1,2026-02-03 15:12:08,1373,3099,3,ISC,87.6,5,7,1,0,0,0,F,19,Soltero
3100,est89_151208307276,Estudiante89,Hibrido89,est89@hibrido.com,$2y$10$abc123,light,1,2026-02-03 15:12:08,1374,3100,3,IGE,81.9,9,8,0,0,0,0,F,20,Soltero
3101,est90_151208308321,Estudiante90,Hibrido90,est90@hibrido.com,$2y$10$abc123,light,1,2026-02-03 15:12:08,1375,3101,3,IINF,72.4,10,7,2,0,1,0,M,27,Soltero
3102,est91_151208308321,Estudiante91,Hibrido91,est91@hibrido.com,$2y$10$abc123,light,1,2026-02-03 15:12:08,1376,3102,3,IGE,82.3,4,8,1,0,1,0,F,24,Casado
3103,est92_151208308321,Estudiante92,Hibrido92,est92@hibrido.com,$2y$10$abc123,light,1,2026-02-03 15:12:08,1377,3103,3,IGE,81.8,9,6,0,0,0,0,M,19,Soltero
3104,est93_151208308321,Estudiante93,Hibrido93,est93@hibrido.com,$2y$10$abc123,light,1,2026-02-03 15:12:08,1378,3104,3,IINF,74.3,5,4,2,0,0,0,F,18,Casado
3105,est94_151208315854,Estudiante94,Hibrido94,est94@hibrido.com,$2y$10$abc123,light,1,2026-02-03 15:12:08,1379,3105,3,IINF,80.8,10,6,0,0,0,0,M,23,Soltero
3106,est95_151208317913,Estudiante95,Hibrido95,est95@hibrido.com,$2y$10$abc123,light,1,2026-02-03 15:12:08,1380,3106,3,IINF,80.0,9,6,2,0,1,0,M,26,Soltero
3107,est96_151208317913,Estudiante96,Hibrido96,est96@hibrido.com,$2y$10$abc123,light,1,2026-02-03 15:12:08,1381,3107,3,IINF,85.4,3,5,3,0,1,0,F,20,Soltero
3108,est97_151208317913,Estudiante97,Hibrido97,est97@hibrido.com,$2y$10$abc123,light,1,2026-02-03 15:12:08,1382,3108,3,IINF,85.9,4,5,1,0,0,1,F,23,Soltero
3109,est98_151208322156,Estudiante98,Hibrido98,est98@hibrido.com,$2y$10$abc123,light,1,2026-02-03 15:12:08,1383,3109,3,IGE,71.1,9,5,0,0,0,0,F,20,Soltero
3110,est99_151208323936,Estudiante99,Hibrido99,est99@hibrido.com,$2y$10$abc123,light,1,2026-02-03 15:12:08,1384,3110,3,IINF,79.4,10,5,2,0,1,0,M,18,Soltero
3111,est100_151208323936,Estudiante100,Hibrido100,est100@hibrido.com,$2y$10$abc123,light,1,2026-02-03 15:12:08,1385,3111,3,ISC,85.6,6,8,0,0,1,0,F,22,Soltero
3112,est101_151208328067,Estudiante101,Hibrido101,est101@hibrido.com,$2y$10$abc123,light,1,2026-02-03 15:12:08,1386,3112,3,ICD,82.6,2,7,0,0,0,0,M,27,Soltero
3113,est102_151208329408,Estudiante102,Hibrido102,est102@hibrido.com,$2y$10$abc123,light,1,2026-02-03 15:12:08,1387,3113,3,IINF,91.4,7,4,1,0,0,0,M,21,Soltero
3114,est103_151208329408,Estudiante103,Hibrido103,est103@hibrido.com,$2y$10$abc123,light,1,2026-02-03 15:12:08,1388,3114,3,IINF,86.5,2,6,3,0,0,1,M,24,Soltero
3115,est104_151208332456,Estudiante104,Hibrido104,est104@hibrido.com,$2y$10$abc123,light,1,2026-02-03 15:12:08,1389,3115,3,IGE,74.1,2,8,0,0,0,0,F,23,Soltero
3116,est105_151208332456,Estudiante105,Hibrido105,est105@hibrido.com,$2y$10$abc123,light,1,2026-02-03 15:12:08,1390,3116,3,IINF,71.8,1,4,2,0,0,1,M,27,Soltero
3117,est106_151208332456,Estudiante106,Hibrido106,est106@hibrido.com,$2y$10$abc123,light,1,2026-02-03 15:12:08,1391,3117,3,IINF,86.1,3,8,2,0,0,1,M,24,Soltero
3118,est107_151208338135,Estudiante107,Hibrido107,est107@hibrido.com,$2y$10$abc123,light,1,2026-02-03 15:12:08,1392,3118,3,IINF,70.7,6,8,3,0,1,1,F,22,Soltero
3119,est108_151208338135,Estudiante108,Hibrido108,est108@hibrido.com,$2y$10$abc123,light,1,2026-02-03 15:12:08,1393,3119,3,IGE,84.6,8,6,2,0,0,1,M,21,Casado
3120,est109_151208340901,Estudiante109,Hibrido109,est109@hibrido.com,$2y$10$abc123,light,1,2026-02-03 15:12:08,1394,3120,3,IINF,93.5,9,7,3,0,1,0,M,24,Soltero
3121,est110_151208340901,Estudiante110,Hibrido110,est110@hibrido.com,$2y$10$abc123,light,1,2026-02-03 15:12:08,1395,3121,3,ICD,84.4,7,5,2,0,0,0,M,24,Soltero
3122,est111_151208347171,Estudiante111,Hibrido111,est111@hibrido.com,$2y$10$abc123,light,1,2026-02-03 15:12:08,1396,3122,3,IGE,79.7,4,7,1,0,0,0,F,23,Soltero
3123,est112_151208348191,Estudiante112,Hibrido112,est112@hibrido.com,$2y$10$abc123,light,1,2026-02-03 15:12:08,1397,3123,3,ICD,86.1,6,6,0,0,0,0,M,25,Casado
3124,est113_151208349211,Estudiante113,Hibrido113,est113@hibrido.com,$2y$10$abc123,light,1,2026-02-03 15:12:08,1398,3124,3,IGE,81.5,5,6,1,0,0,0,M,21,Soltero
3125,est114_151208349211,Estudiante114,Hibrido114,est114@hibrido.com,$2y$10$abc123,light,1,2026-02-03 15:12:08,1399,3125,3,IINF,83.6,8,6,0,0,1,0,F,27,Soltero
3126,est115_151208349211,Estudiante115,Hibrido115,est115@hibrido.com,$2y$10$abc123,light,1,2026-02-03 15:12:08,1400,3126,3,ICD,93.5,1,4,0,0,1,0,F,22,Casado
3127,est116_151208349211,Estudiante116,Hibrido116,est116@hibrido.com,$2y$10$abc123,light,1,2026-02-03 15:12:08,1401,3127,3,IGE,79.7,1,7,0,0,0,0,M,21,Soltero
3128,est117_151208349211,Estudiante117,Hibrido117,est117@hibrido.com,$2y$10$abc123,light,1,2026-02-03 15:12:08,1402,3128,3,ISC,94.0,6,7,1,0,0,0,F,18,Soltero
3129,est118_151208358102,Estudiante118,Hibrido118,est118@hibrido.com,$2y$10$abc123,light,1,2026-02-03 15:12:08,1403,3129,3,IINF,92.6,10,8,0,0,1,0,F,25,Soltero
3130,est119_151208358102,Estudiante119,Hibrido119,est119@hibrido.com,$2y$10$abc123,light,1,2026-02-03 15:12:08,1404,3130,3,IGE,74.9,2,8,1,0,0,0,F,18,Soltero
3131,est120_151208358102,Estudiante120,Hibrido120,est120@hibrido.com,$2y$10$abc123,light,1,2026-02-03 15:12:08,1405,3131,3,ISC,71.7,5,8,3,0,0,1,M,22,Soltero
3132,est121_151208358102,Estudiante121,Hibrido121,est121@hibrido.com,$2y$10$abc123,light,1,2026-02-03 15:12:08,1406,3132,3,IGE,72.5,1,6,2,0,1,0,F,23,Casado
3133,est122_151208365781,Estudiante122,Hibrido122,est122@hibrido.com,$2y$10$abc123,light,1,2026-02-03 15:12:08,1407,3133,3,ISC,70.5,7,7,2,0,0,0,M,23,Soltero
3134,est123_151208367287,Estudiante123,Hibrido123,est123@hibrido.com,$2y$10$abc123,light,1,2026-02-03 15:12:08,1408,3134,3,IINF,72.4,1,6,0,0,0,0,M,22,Casado
3135,est124_151208368309,Estudiante124,Hibrido124,est124@hibrido.com,$2y$10$abc123,light,1,2026-02-03 15:12:08,1409,3135,3,ICD,87.1,4,4,1,0,0,0,M,20,Soltero
3136,est125_151208369633,Estudiante125,Hibrido125,est125@hibrido.com,$2y$10$abc123,light,1,2026-02-03 15:12:08,1410,3136,3,ISC,71.8,9,8,2,0,1,0,M,22,Soltero
3137,est126_151208369633,Estudiante126,Hibrido126,est126@hibrido.com,$2y$10$abc123,light,1,2026-02-03 15:12:08,1411,3137,3,IGE,78.0,1,6,1,0,0,0,M,25,Soltero
3138,est127_151208369633,Estudiante127,Hibrido127,est127@hibrido.com,$2y$10$abc123,light,1,2026-02-03 15:12:08,1412,3138,3,IINF,91.1,4,6,1,0,0,0,F,19,Soltero
3139,est128_151208374219,Estudiante128,Hibrido128,est128@hibrido.com,$2y$10$abc123,light,1,2026-02-03 15:12:08,1413,3139,3,ISC,70.6,6,4,0,0,1,0,M,23,Soltero
3140,est129_151208377468,Estudiante129,Hibrido129,est129@hibrido.com,$2y$10$abc123,light,1,2026-02-03 15:12:08,1414,3140,3,IGE,90.4,6,5,2,0,0,0,M,26,Soltero
3141,est130_151208377995,Estudiante130,Hibrido130,est130@hibrido.com,$2y$10$abc123,light,1,2026-02-03 15:12:08,1415,3141,3,IGE,77.0,8,7,0,0,1,0,M,25,Soltero
3142,est131_151208377995,Estudiante131,Hibrido131,est131@hibrido.com,$2y$10$abc123,light,1,2026-02-03 15:12:08,1416,3142,3,IGE,73.0,1,5,0,0,0,0,M,25,Soltero
3143,est132_151208382293,Estudiante132,Hibrido132,est132@hibrido.com,$2y$10$abc123,light,1,2026-02-03 15:12:08,1417,3143,3,ISC,87.4,7,8,2,0,1,0,F,25,Soltero
3144,est133_151208382293,Estudiante133,Hibrido133,est133@hibrido.com,$2y$10$abc123,light,1,2026-02-03 15:12:08,1418,3144,3,ISC,85.7,1,6,2,0,0,0,M,24,Soltero
3145,est134_151208382293,Estudiante134,Hibrido134,est134@hibrido.com,$2y$10$abc123,light,1,2026-02-03 15:12:08,1419,3145,3,ISC,91.9,7,4,3,0,0,1,M,25,Soltero
3146,est135_151208387137,Estudiante135,Hibrido135,est135@hibrido.com,$2y$10$abc123,light,1,2026-02-03 15:12:08,1420,3146,3,ICD,88.4,3,4,3,0,0,0,M,23,Soltero
3147,est136_151208388726,Estudiante136,Hibrido136,est136@hibrido.com,$2y$10$abc123,light,1,2026-02-03 15:12:08,1421,3147,3,ISC,90.1,8,7,1,0,0,0,M,19,Soltero
3148,est137_151208390484,Estudiante137,Hibrido137,est137@hibrido.com,$2y$10$abc123,light,1,2026-02-03 15:12:08,1422,3148,3,ISC,77.1,3,5,2,0,1,0,M,19,Casado
3149,est138_151208390484,Estudiante138,Hibrido138,est138@hibrido.com,$2y$10$abc123,light,1,2026-02-03 15:12:08,1423,3149,3,ISC,74.4,1,7,3,0,1,0,F,25,Soltero
3150,est139_151208390484,Estudiante139,Hibrido139,est139@hibrido.com,$2y$10$abc123,light,1,2026-02-03 15:12:08,1424,3150,3,ICD,88.8,8,6,1,0,0,0,F,18,Soltero
3151,est140_151208397867,Estudiante140,Hibrido140,est140@hibrido.com,$2y$10$abc123,light,1,2026-02-03 15:12:08,1425,3151,3,ISC,90.2,3,7,1,0,0,0,M,23,Soltero
3152,est141_151208399226,Estudiante141,Hibrido141,est141@hibrido.com,$2y$10$abc123,light,1,2026-02-03 15:12:08,1426,3152,3,IGE,94.8,2,4,1,0,1,1,F,23,Soltero
3153,est142_151208399226,Estudiante142,Hibrido142,est142@hibrido.com,$2y$10$abc123,light,1,2026-02-03 15:12:08,1427,3153,3,ISC,80.3,1,4,3,0,1,0,F,21,Soltero
3154,est143_151208399226,Estudiante143,Hibrido143,est143@hibrido.com,$2y$10$abc123,light,1,2026-02-03 15:12:08,1428,3154,3,IGE,79.3,3,8,2,0,0,0,F,27,Casado
3155,est144_151208399226,Estudiante144,Hibrido144,est144@hibrido.com,$2y$10$abc123,light,1,2026-02-03 15:12:08,1429,3155,3,IGE,89.4,2,8,0,0,0,0,M,20,Casado
3156,est145_151208399226,Estudiante145,Hibrido145,est145@hibrido.com,$2y$10$abc123,light,1,2026-02-03 15:12:08,1430,3156,3,IGE,78.5,2,6,1,0,0,0,M,20,Soltero
3157,est146_151208399226,Estudiante146,Hibrido146,est146@hibrido.com,$2y$10$abc123,light,1,2026-02-03 15:12:08,1431,3157,3,ICD,93.3,6,5,3,0,0,0,M,18,Soltero
3158,est147_151208408303,Estudiante147,Hibrido147,est147@hibrido.com,$2y$10$abc123,light,1,2026-02-03 15:12:08,1432,3158,3,ICD,91.5,1,7,3,0,0,0,F,20,Soltero
3159,est148_151208408303,Estudiante148,Hibrido148,est148@hibrido.com,$2y$10$abc123,light,1,2026-02-03 15:12:08,1433,3159,3,ICD,80.7,2,6,0,0,0,1,F,21,Soltero
3160,est149_151208408303,Estudiante149,Hibrido149,est149@hibrido.com,$2y$10$abc123,light,1,2026-02-03 15:12:08,1434,3160,3,ISC,88.8,6,8,0,0,0,0,M,22,Soltero
3161,est150_151208408303,Estudiante150,Hibrido150,est150@hibrido.com,$2y$10$abc123,light,1,2026-02-03 15:12:08,1435,3161,3,IGE,88.9,3,7,3,0,1,0,M,20,Soltero
3162,est151_151208408303,Estudiante151,Hibrido151,est151@hibrido.com,$2y$10$abc123,light,1,2026-02-03 15:12:08,1436,3162,3,ICD,72.6,4,8,2,0,0,1,F,23,Soltero
3163,est152_151208417087,Estudiante152,Hibrido152,est152@hibrido.com,$2y$10$abc123,light,1,2026-02-03 15:12:08,1437,3163,3,ICD,92.6,1,7,0,0,0,0,F,22,Soltero
3164,est153_151208418111,Estudiante153,Hibrido153,est153@hibrido.com,$2y$10$abc123,light,1,2026-02-03 15:12:08,1438,3164,3,ISC,82.6,8,5,3,0,0,1,F,20,Soltero
3165,est154_151208418111,Estudiante154,Hibrido154,est154@hibrido.com,$2y$10$abc123,light,1,2026-02-03 15:12:08,1439,3165,3,ICD,90.7,7,6,0,0,0,0,F,23,Casado
3166,est155_151208418111,Estudiante155,Hibrido155,est155@hibrido.com,$2y$10$abc123,light,1,2026-02-03 15:12:08,1440,3166,3,ISC,78.0,7,7,2,0,0,1,M,23,Soltero
3167,est156_151208418111,Estudiante156,Hibrido156,est156@hibrido.com,$2y$10$abc123,light,1,2026-02-03 15:12:08,1441,3167,3,IINF,92.4,3,4,1,0,0,0,F,25,Soltero
3168,est157_151208423824,Estudiante157,Hibrido157,est157@hibrido.com,$2y$10$abc123,light,1,2026-02-03 15:12:08,1442,3168,3,ICD,79.7,10,4,0,0,0,1,F,19,Soltero
3169,est158_151208423824,Estudiante158,Hibrido158,est158@hibrido.com,$2y$10$abc123,light,1,2026-02-03 15:12:08,1443,3169,3,IINF,70.3,10,7,2,0,0,1,M,18,Casado
3170,est159_151208427909,Estudiante159,Hibrido159,est159@hibrido.com,$2y$10$abc123,light,1,2026-02-03 15:12:08,1444,3170,3,ISC,92.6,3,7,3,0,0,0,M,21,Casado
3171,est160_151208427909,Estudiante160,Hibrido160,est160@hibrido.com,$2y$10$abc123,light,1,2026-02-03 15:12:08,1445,3171,3,IGE,72.3,2,7,0,0,0,1,F,24,Soltero
3172,est161_151208427909,Estudiante161,Hibrido161,est161@hibrido.com,$2y$10$abc123,light,1,2026-02-03 15:12:08,1446,3172,3,ICD,78.0,1,4,0,0,1,0,M,27,Soltero
3173,est162_151208432200,Estudiante162,Hibrido162,est162@hibrido.com,$2y$10$abc123,light,1,2026-02-03 15:12:08,1447,3173,3,ISC,93.8,7,4,3,0,0,0,F,20,Soltero
3174,est163_151208432200,Estudiante163,Hibrido163,est163@hibrido.com,$2y$10$abc123,light,1,2026-02-03 15:12:08,1448,3174,3,IGE,93.8,7,7,1,0,1,0,F,20,Soltero
3175,est164_151208438242,Estudiante164,Hibrido164,est164@hibrido.com,$2y$10$abc123,light,1,2026-02-03 15:12:08,1449,3175,3,IGE,84.3,2,8,3,0,0,0,F,22,Soltero
3176,est165_151208440547,Estudiante165,Hibrido165,est165@hibrido.com,$2y$10$abc123,light,1,2026-02-03 15:12:08,1450,3176,3,IINF,85.8,7,8,0,0,0,0,M,22,Soltero
3177,est166_151208440547,Estudiante166,Hibrido166,est166@hibrido.com,$2y$10$abc123,light,1,2026-02-03 15:12:08,1451,3177,3,ISC,81.2,8,5,3,0,0,0,M,27,Soltero
3178,est167_151208440547,Estudiante167,Hibrido167,est167@hibrido.com,$2y$10$abc123,light,1,2026-02-03 15:12:08,1452,3178,3,IGE,77.3,1,6,2,0,0,0,F,20,Soltero
3179,est168_151208448242,Estudiante168,Hibrido168,est168@hibrido.com,$2y$10$abc123,light,1,2026-02-03 15:12:08,1453,3179,3,ICD,78.2,9,8,3,0,1,1,M,26,Soltero
3180,est169_151208448242,Estudiante169,Hibrido169,est169@hibrido.com,$2y$10$abc123,light,1,2026-02-03 15:12:08,1454,3180,3,ICD,86.8,7,4,0,0,1,1,F,21,Casado
3181,est170_151208452420,Estudiante170,Hibrido170,est170@hibrido.com,$2y$10$abc123,light,1,2026-02-03 15:12:08,1455,3181,3,IINF,88.8,3,8,3,0,1,0,F,20,Soltero
3182,est171_151208452420,Estudiante171,Hibrido171,est171@hibrido.com,$2y$10$abc123,light,1,2026-02-03 15:12:08,1456,3182,3,IGE,89.8,8,5,1,0,0,0,M,19,Soltero
3183,est172_151208452420,Estudiante172,Hibrido172,est172@hibrido.com,$2y$10$abc123,light,1,2026-02-03 15:12:08,1457,3183,3,ISC,89.7,7,5,3,0,0,0,M,27,Soltero
3184,est173_151208459995,Estudiante173,Hibrido173,est173@hibrido.com,$2y$10$abc123,light,1,2026-02-03 15:12:08,1458,3184,3,ICD,72.3,8,6,1,0,0,0,M,26,Soltero
3185,est174_151208459995,Estudiante174,Hibrido174,est174@hibrido.com,$2y$10$abc123,light,1,2026-02-03 15:12:08,1459,3185,3,IGE,82.4,6,8,2,0,0,0,M,21,Soltero
3186,est175_151208464531,Estudiante175,Hibrido175,est175@hibrido.com,$2y$10$abc123,light,1,2026-02-03 15:12:08,1460,3186,3,IGE,71.4,9,4,1,0,0,0,F,20,Soltero
3187,est176_151208467182,Estudiante176,Hibrido176,est176@hibrido.com,$2y$10$abc123,light,1,2026-02-03 15:12:08,1461,3187,3,IINF,83.7,5,4,3,0,0,0,F,24,Casado
3188,est177_151208469502,Estudiante177,Hibrido177,est177@hibrido.com,$2y$10$abc123,light,1,2026-02-03 15:12:08,1462,3188,3,ICD,81.0,3,7,0,0,0,1,F,25,Soltero
3189,est178_151208469502,Estudiante178,Hibrido178,est178@hibrido.com,$2y$10$abc123,light,1,2026-02-03 15:12:08,1463,3189,3,ICD,92.2,3,4,1,0,0,0,F,19,Soltero
3190,est179_151208473094,Estudiante179,Hibrido179,est179@hibrido.com,$2y$10$abc123,light,1,2026-02-03 15:12:08,1464,3190,3,ISC,78.8,1,6,2,0,1,0,M,24,Casado
3191,est180_151208473094,Estudiante180,Hibrido180,est180@hibrido.com,$2y$10$abc123,light,1,2026-02-03 15:12:08,1465,3191,3,ICD,72.9,8,6,1,0,1,0,F,22,Soltero
3192,est181_151208477241,Estudiante181,Hibrido181,est181@hibrido.com,$2y$10$abc123,light,1,2026-02-03 15:12:08,1466,3192,3,ISC,73.6,2,4,1,0,1,0,F,22,Soltero
3193,est182_151208478273,Estudiante182,Hibrido182,est182@hibrido.com,$2y$10$abc123,light,1,2026-02-03 15:12:08,1467,3193,3,ICD,89.0,3,4,1,0,0,0,F,20,Soltero
3194,est183_151208478273,Estudiante183,Hibrido183,est183@hibrido.com,$2y$10$abc123,light,1,2026-02-03 15:12:08,1468,3194,3,IINF,85.5,8,7,2,0,0,0,F,22,Soltero
3195,est184_151208481432,Estudiante184,Hibrido184,est184@hibrido.com,$2y$10$abc123,light,1,2026-02-03 15:12:08,1469,3195,3,ICD,72.5,8,4,3,0,0,0,M,19,Soltero
3196,est185_151208481432,Estudiante185,Hibrido185,est185@hibrido.com,$2y$10$abc123,light,1,2026-02-03 15:12:08,1470,3196,3,ISC,72.1,4,7,1,0,1,0,F,21,Soltero
3197,est186_151208481432,Estudiante186,Hibrido186,est186@hibrido.com,$2y$10$abc123,light,1,2026-02-03 15:12:08,1471,3197,3,ISC,87.5,4,7,1,0,0,1,M,23,Soltero
3198,est187_151208487534,Estudiante187,Hibrido187,est187@hibrido.com,$2y$10$abc123,light,1,2026-02-03 15:12:08,1472,3198,3,IINF,71.8,5,4,0,0,0,1,M,18,Soltero
3199,est188_151208489715,Estudiante188,Hibrido188,est188@hibrido.com,$2y$10$abc123,light,1,2026-02-03 15:12:08,1473,3199,3,ICD,90.5,6,5,2,0,1,0,M,27,Soltero
3200,est189_151208489715,Estudiante189,Hibrido189,est189@hibrido.com,$2y$10$abc123,light,1,2026-02-03 15:12:08,1474,3200,3,ICD,87.7,5,5,1,0,0,0,F,21,Soltero
3201,est190_151208489715,Estudiante190,Hibrido190,est190@hibrido.com,$2y$10$abc123,light,1,2026-02-03 15:12:08,1475,3201,3,IINF,72.0,7,7,2,0,0,0,F,23,Soltero
3202,est191_151208489715,Estudiante191,Hibrido191,est191@hibrido.com,$2y$10$abc123,light,1,2026-02-03 15:12:08,1476,3202,3,ICD,72.1,2,4,1,0,0,0,F,26,Casado
3203,est192_151208497903,Estudiante192,Hibrido192,est192@hibrido.com,$2y$10$abc123,light,1,2026-02-03 15:12:08,1477,3203,3,ICD,94.7,7,5,3,0,0,0,F,19,Soltero
3204,est193_151208497903,Estudiante193,Hibrido193,est193@hibrido.com,$2y$10$abc123,light,1,2026-02-03 15:12:08,1478,3204,3,ISC,79.4,10,4,3,0,0,0,F,24,Soltero
3205,est194_151208502163,Estudiante194,Hibrido194,est194@hibrido.com,$2y$10$abc123,light,1,2026-02-03 15:12:08,1479,3205,3,ICD,79.3,7,4,1,0,0,0,F,23,Casado
3206,est195_151208502163,Estudiante195,Hibrido195,est195@hibrido.com,$2y$10$abc123,light,1,2026-02-03 15:12:08,1480,3206,3,ICD,90.3,1,4,3,0,0,0,M,19,Soltero
3207,est196_151208502163,Estudiante196,Hibrido196,est196@hibrido.com,$2y$10$abc123,light,1,2026-02-03 15:12:08,1481,3207,3,IINF,93.7,7,8,1,0,0,0,M,25,Soltero
3208,est197_151208507398,Estudiante197,Hibrido197,est197@hibrido.com,$2y$10$abc123,light,1,2026-02-03 15:12:08,1482,3208,3,IINF,94.7,5,4,3,0,1,1,M,24,Soltero
3209,est198_151208509211,Estudiante198,Hibrido198,est198@hibrido.com,$2y$10$abc123,light,1,2026-02-03 15:12:08,1483,3209,3,IGE,88.8,3,8,0,0,0,1,F,22,Soltero
3210,est199_151208509211,Estudiante199,Hibrido199,est199@hibrido.com,$2y$10$abc123,light,1,2026-02-03 15:12:08,1484,3210,3,ISC,79.4,3,7,0,0,0,0,F,22,Soltero
3211,est200_151208509211,Estudiante200,Hibrido200,est200@hibrido.com,$2y$10$abc123,light,1,2026-02-03 15:12:08,1485,3211,3,ICD,72.1,4,5,0,0,0,0,M,24,Soltero
3212,est201_151208514045,Estudiante201,Hibrido201,est201@hibrido.com,$2y$10$abc123,light,1,2026-02-03 15:12:08,1486,3212,3,ICD,89.4,2,5,2,0,1,1,M,26,Soltero
3213,est202_151208514045,Estudiante202,Hibrido202,est202@hibrido.com,$2y$10$abc123,light,1,2026-02-03 15:12:08,1487,3213,3,IGE,84.0,2,5,2,0,0,0,F,26,Soltero
3214,est203_151208518303,Estudiante203,Hibrido203,est203@hibrido.com,$2y$10$abc123,light,1,2026-02-03 15:12:08,1488,3214,3,ICD,80.6,1,5,0,0,0,1,M,26,Casado
3215,est204_151208518303,Estudiante204,Hibrido204,est204@hibrido.com,$2y$10$abc123,light,1,2026-02-03 15:12:08,1489,3215,3,ISC,92.7,5,5,2,0,1,0,F,23,Soltero
3216,est205_151208518303,Estudiante205,Hibrido205,est205@hibrido.com,$2y$10$abc123,light,1,2026-02-03 15:12:08,1490,3216,3,IGE,72.8,4,5,3,0,1,1,F,27,Casado
3217,est206_151208522468,Estudiante206,Hibrido206,est206@hibrido.com,$2y$10$abc123,light,1,2026-02-03 15:12:08,1491,3217,3,ISC,82.3,10,5,1,0,0,0,M,23,Soltero
3218,est207_151208522468,Estudiante207,Hibrido207,est207@hibrido.com,$2y$10$abc123,light,1,2026-02-03 15:12:08,1492,3218,3,IGE,70.3,2,7,1,0,1,1,M,20,Casado
3219,est208_151208522468,Estudiante208,Hibrido208,est208@hibrido.com,$2y$10$abc123,light,1,2026-02-03 15:12:08,1493,3219,3,IGE,81.7,3,4,1,0,0,1,F,18,Soltero
3220,est209_151208530115,Estudiante209,Hibrido209,est209@hibrido.com,$2y$10$abc123,light,1,2026-02-03 15:12:08,1494,3220,3,IINF,71.4,7,6,0,0,0,0,F,24,Soltero
3221,est210_151208532629,Estudiante210,Hibrido210,est210@hibrido.com,$2y$10$abc123,light,1,2026-02-03 15:12:08,1495,3221,3,ISC,73.0,7,8,2,0,0,0,M,21,Soltero
3222,est211_151208534636,Estudiante211,Hibrido211,est211@hibrido.com,$2y$10$abc123,light,1,2026-02-03 15:12:08,1496,3222,3,ICD,72.9,4,6,3,0,0,1,F,18,Soltero
3223,est212_151208538402,Estudiante212,Hibrido212,est212@hibrido.com,$2y$10$abc123,light,1,2026-02-03 15:12:08,1497,3223,3,ICD,86.2,5,6,3,0,1,0,M,25,Soltero
3224,est213_151208539736,Estudiante213,Hibrido213,est213@hibrido.com,$2y$10$abc123,light,1,2026-02-03 15:12:08,1498,3224,3,ISC,88.7,5,4,0,0,0,1,M,23,Casado
3225,est214_151208539736,Estudiante214,Hibrido214,est214@hibrido.com,$2y$10$abc123,light,1,2026-02-03 15:12:08,1499,3225,3,ICD,84.6,6,4,3,0,0,0,F,23,Casado
3226,est215_151208539736,Estudiante215,Hibrido215,est215@hibrido.com,$2y$10$abc123,light,1,2026-02-03 15:12:08,1500,3226,3,ICD,94.1,9,4,3,0,1,0,F,19,Soltero
3227,est216_151208547989,Estudiante216,Hibrido216,est216@hibrido.com,$2y$10$abc123,light,1,2026-02-03 15:12:08,1501,3227,3,ISC,79.4,2,5,3,0,1,0,M,18,Soltero
3228,est217_151208547989,Estudiante217,Hibrido217,est217@hibrido.com,$2y$10$abc123,light,1,2026-02-03 15:12:08,1502,3228,3,IGE,77.1,5,7,3,0,0,0,F,19,Soltero
3229,est218_151208547989,Estudiante218,Hibrido218,est218@hibrido.com,$2y$10$abc123,light,1,2026-02-03 15:12:08,1503,3229,3,ISC,91.7,3,5,2,0,0,1,F,21,Soltero
3230,est219_151208547989,Estudiante219,Hibrido219,est219@hibrido.com,$2y$10$abc123,light,1,2026-02-03 15:12:08,1504,3230,3,IGE,75.6,4,7,3,0,0,0,M,19,Soltero
3231,est220_151208554603,Estudiante220,Hibrido220,est220@hibrido.com,$2y$10$abc123,light,1,2026-02-03 15:12:08,1505,3231,3,ICD,94.1,10,7,1,0,1,0,M,18,Soltero
3232,est221_151208557183,Estudiante221,Hibrido221,est221@hibrido.com,$2y$10$abc123,light,1,2026-02-03 15:12:08,1506,3232,3,ICD,70.3,6,6,0,0,0,0,F,24,Casado
3233,est222_151208558217,Estudiante222,Hibrido222,est222@hibrido.com,$2y$10$abc123,light,1,2026-02-03 15:12:08,1507,3233,3,ICD,94.2,8,6,2,0,1,0,M,25,Soltero
3234,est223_151208558217,Estudiante223,Hibrido223,est223@hibrido.com,$2y$10$abc123,light,1,2026-02-03 15:12:08,1508,3234,3,IINF,71.1,1,7,3,0,0,1,M,23,Soltero
3235,est224_151208558217,Estudiante224,Hibrido224,est224@hibrido.com,$2y$10$abc123,light,1,2026-02-03 15:12:08,1509,3235,3,IGE,92.3,10,7,2,0,0,1,M,21,Soltero
3236,est225_151208558217,Estudiante225,Hibrido225,est225@hibrido.com,$2y$10$abc123,light,1,2026-02-03 15:12:08,1510,3236,3,IINF,83.2,8,5,3,0,0,0,F,23,Soltero
3237,est226_151208568269,Estudiante226,Hibrido226,est226@hibrido.com,$2y$10$abc123,light,1,2026-02-03 15:12:08,1511,3237,3,IINF,94.8,7,5,1,0,0,1,F,20,Soltero
3238,est227_151208568269,Estudiante227,Hibrido227,est227@hibrido.com,$2y$10$abc123,light,1,2026-02-03 15:12:08,1512,3238,3,ISC,71.8,1,6,0,0,0,1,F,25,Soltero
3239,est228_151208568269,Estudiante228,Hibrido228,est228@hibrido.com,$2y$10$abc123,light,1,2026-02-03 15:12:08,1513,3239,3,IINF,83.8,2,4,3,0,1,0,M,27,Casado
3240,est229_151208568269,Estudiante229,Hibrido229,est229@hibrido.com,$2y$10$abc123,light,1,2026-02-03 15:12:08,1514,3240,3,ISC,94.2,3,7,3,0,0,1,F,19,Soltero
3241,est230_151208568269,Estudiante230,Hibrido230,est230@hibrido.com,$2y$10$abc123,light,1,2026-02-03 15:12:08,1515,3241,3,ISC,83.1,1,5,3,0,0,0,F,22,Soltero
3242,est231_151208574448,Estudiante231,Hibrido231,est231@hibrido.com,$2y$10$abc123,light,1,2026-02-03 15:12:08,1516,3242,3,IINF,85.7,9,6,3,0,1,0,F,18,Casado
3243,est232_151208574448,Estudiante232,Hibrido232,est232@hibrido.com,$2y$10$abc123,light,1,2026-02-03 15:12:08,1517,3243,3,IGE,87.4,8,5,0,0,0,1,F,23,Soltero
3244,est233_151208577481,Estudiante233,Hibrido233,est233@hibrido.com,$2y$10$abc123,light,1,2026-02-03 15:12:08,1518,3244,3,IGE,81.4,2,7,0,0,1,0,M,19,Soltero
3245,est234_151208579387,Estudiante234,Hibrido234,est234@hibrido.com,$2y$10$abc123,light,1,2026-02-03 15:12:08,1519,3245,3,IGE,85.7,9,7,1,0,0,1,F,21,Soltero
3246,est235_151208579387,Estudiante235,Hibrido235,est235@hibrido.com,$2y$10$abc123,light,1,2026-02-03 15:12:08,1520,3246,3,IGE,84.6,7,8,0,0,0,1,M,23,Soltero
3247,est236_151208582929,Estudiante236,Hibrido236,est236@hibrido.com,$2y$10$abc123,light,1,2026-02-03 15:12:08,1521,3247,3,IGE,92.5,9,4,3,0,0,0,M,27,Soltero
3248,est237_151208582929,Estudiante237,Hibrido237,est237@hibrido.com,$2y$10$abc123,light,1,2026-02-03 15:12:08,1522,3248,3,IINF,71.1,6,8,1,0,0,1,M,25,Soltero
3249,est238_151208582929,Estudiante238,Hibrido238,est238@hibrido.com,$2y$10$abc123,light,1,2026-02-03 15:12:08,1523,3249,3,IINF,77.0,6,6,1,0,1,0,M,25,Soltero
3250,est239_151208588016,Estudiante239,Hibrido239,est239@hibrido.com,$2y$10$abc123,light,1,2026-02-03 15:12:08,1524,3250,3,ICD,93.8,4,5,1,0,0,0,M,23,Soltero
3251,est240_151208588550,Estudiante240,Hibrido240,est240@hibrido.com,$2y$10$abc123,light,1,2026-02-03 15:12:08,1525,3251,3,IGE,92.3,10,6,3,0,0,0,F,21,Casado
3252,est241_151208591100,Estudiante241,Hibrido241,est241@hibrido.com,$2y$10$abc123,light,1,2026-02-03 15:12:08,1526,3252,3,IINF,81.4,10,7,2,0,0,1,M,25,Soltero
3253,est242_151208591100,Estudiante242,Hibrido242,est242@hibrido.com,$2y$10$abc123,light,1,2026-02-03 15:12:08,1527,3253,3,ICD,85.5,2,8,3,0,0,0,F,25,Soltero
3254,est243_151208591100,Estudiante243,Hibrido243,est243@hibrido.com,$2y$10$abc123,light,1,2026-02-03 15:12:08,1528,3254,3,IGE,76.9,7,8,0,0,1,0,M,27,Soltero
3255,est244_151208597861,Estudiante244,Hibrido244,est244@hibrido.com,$2y$10$abc123,light,1,2026-02-03 15:12:08,1529,3255,3,ISC,74.7,5,8,0,0,0,0,M,18,Soltero
3256,est245_151208599403,Estudiante245,Hibrido245,est245@hibrido.com,$2y$10$abc123,light,1,2026-02-03 15:12:08,1530,3256,3,ICD,81.6,6,6,3,0,0,0,F,21,Soltero
3257,est246_151208599403,Estudiante246,Hibrido246,est246@hibrido.com,$2y$10$abc123,light,1,2026-02-03 15:12:08,1531,3257,3,IINF,78.8,2,7,3,0,1,0,M,21,Casado
3258,est247_151208599403,Estudiante247,Hibrido247,est247@hibrido.com,$2y$10$abc123,light,1,2026-02-03 15:12:08,1532,3258,3,ISC,84.6,5,5,1,0,0,0,M,24,Casado
3259,est248_151208599403,Estudiante248,Hibrido248,est248@hibrido.com,$2y$10$abc123,light,1,2026-02-03 15:12:08,1533,3259,3,ISC,71.9,10,5,3,0,1,0,F,24,Soltero
3260,est249_151208599403,Estudiante249,Hibrido249,est249@hibrido.com,$2y$10$abc123,light,1,2026-02-03 15:12:08,1534,3260,3,ISC,94.4,4,6,1,0,0,0,M,25,Soltero
3261,est250_151208609385,Estudiante250,Hibrido250,est250@hibrido.com,$2y$10$abc123,light,1,2026-02-03 15:12:08,1535,3261,3,ICD,94.7,9,8,0,0,0,1,M,22,Soltero
3262,est251_151208609385,Estudiante251,Hibrido251,est251@hibrido.com,$2y$10$abc123,light,1,2026-02-03 15:12:08,1536,3262,3,IINF,87.5,6,4,1,0,0,0,M,24,Soltero
3263,est252_151208609385,Estudiante252,Hibrido252,est252@hibrido.com,$2y$10$abc123,light,1,2026-02-03 15:12:08,1537,3263,3,ISC,83.4,2,6,3,0,1,0,F,25,Soltero
3264,est253_151208617127,Estudiante253,Hibrido253,est253@hibrido.com,$2y$10$abc123,light,1,2026-02-03 15:12:08,1538,3264,3,IGE,77.7,1,6,0,0,1,1,F,26,Casado
3265,est254_151208618146,Estudiante254,Hibrido254,est254@hibrido.com,$2y$10$abc123,light,1,2026-02-03 15:12:08,1539,3265,3,ISC,90.3,5,7,2,0,0,0,F,20,Soltero
3266,est255_151208618146,Estudiante255,Hibrido255,est255@hibrido.com,$2y$10$abc123,light,1,2026-02-03 15:12:08,1540,3266,3,ISC,87.1,9,5,1,0,0,1,F,20,Soltero
3267,est256_151208618146,Estudiante256,Hibrido256,est256@hibrido.com,$2y$10$abc123,light,1,2026-02-03 15:12:08,1541,3267,3,ICD,74.1,6,6,0,0,0,0,M,21,Soltero
3268,est257_151208624127,Estudiante257,Hibrido257,est257@hibrido.com,$2y$10$abc123,light,1,2026-02-03 15:12:08,1542,3268,3,ICD,92.8,10,6,1,0,0,1,M,22,Casado
3269,est258_151208628167,Estudiante258,Hibrido258,est258@hibrido.com,$2y$10$abc123,light,1,2026-02-03 15:12:08,1543,3269,3,IINF,90.6,7,8,0,0,0,0,F,27,Soltero
3270,est259_151208630186,Estudiante259,Hibrido259,est259@hibrido.com,$2y$10$abc123,light,1,2026-02-03 15:12:08,1544,3270,3,IGE,93.7,5,8,0,0,1,0,M,18,Casado
3271,est260_151208632200,Estudiante260,Hibrido260,est260@hibrido.com,$2y$10$abc123,light,1,2026-02-03 15:12:08,1545,3271,3,ICD,88.1,10,4,1,0,0,0,M,24,Soltero
3272,est261_151208632200,Estudiante261,Hibrido261,est261@hibrido.com,$2y$10$abc123,light,1,2026-02-03 15:12:08,1546,3272,3,ISC,85.3,6,7,2,0,0,1,M,26,Soltero
3273,est262_151208640467,Estudiante262,Hibrido262,est262@hibrido.com,$2y$10$abc123,light,1,2026-02-03 15:12:08,1547,3273,3,IINF,80.5,5,4,0,0,0,0,M,25,Soltero
3274,est263_151208658291,Estudiante263,Hibrido263,est263@hibrido.com,$2y$10$abc123,light,1,2026-02-03 15:12:08,1548,3274,3,ISC,93.3,9,8,0,0,0,0,F,22,Soltero
3275,est264_151208658291,Estudiante264,Hibrido264,est264@hibrido.com,$2y$10$abc123,light,1,2026-02-03 15:12:08,1549,3275,3,ISC,91.7,6,5,0,0,0,1,M,21,Soltero
3276,est265_151208664602,Estudiante265,Hibrido265,est265@hibrido.com,$2y$10$abc123,light,1,2026-02-03 15:12:08,1550,3276,3,ICD,71.1,8,8,2,0,0,1,M,24,Soltero
3277,est266_151208667455,Estudiante266,Hibrido266,est266@hibrido.com,$2y$10$abc123,light,1,2026-02-03 15:12:08,1551,3277,3,IINF,70.7,2,7,2,0,1,0,M,22,Soltero
3278,est267_151208667999,Estudiante267,Hibrido267,est267@hibrido.com,$2y$10$abc123,light,1,2026-02-03 15:12:08,1552,3278,3,IGE,79.4,9,8,3,0,0,1,F,24,Soltero
3279,est268_151208667999,Estudiante268,Hibrido268,est268@hibrido.com,$2y$10$abc123,light,1,2026-02-03 15:12:08,1553,3279,3,IGE,90.3,5,7,1,0,0,1,M,18,Soltero
3280,est269_151208672672,Estudiante269,Hibrido269,est269@hibrido.com,$2y$10$abc123,light,1,2026-02-03 15:12:08,1554,3280,3,ICD,94.7,7,7,2,0,0,0,M,18,Soltero
3281,est270_151208672672,Estudiante270,Hibrido270,est270@hibrido.com,$2y$10$abc123,light,1,2026-02-03 15:12:08,1555,3281,3,ICD,73.8,10,7,1,0,1,0,F,27,Soltero
3282,est271_151208672672,Estudiante271,Hibrido271,est271@hibrido.com,$2y$10$abc123,light,1,2026-02-03 15:12:08,1556,3282,3,IINF,84.9,1,7,3,0,1,0,F,20,Soltero
3283,est272_151208677238,Estudiante272,Hibrido272,est272@hibrido.com,$2y$10$abc123,light,1,2026-02-03 15:12:08,1557,3283,3,IGE,79.5,10,7,1,0,0,0,M,19,Soltero
3284,est273_151208679589,Estudiante273,Hibrido273,est273@hibrido.com,$2y$10$abc123,light,1,2026-02-03 15:12:08,1558,3284,3,IGE,94.2,5,5,2,0,1,0,M,19,Soltero
3285,est274_151208681130,Estudiante274,Hibrido274,est274@hibrido.com,$2y$10$abc123,light,1,2026-02-03 15:12:08,1559,3285,3,IGE,91.1,10,4,1,0,0,0,M,24,Soltero
3286,est275_151208681130,Estudiante275,Hibrido275,est275@hibrido.com,$2y$10$abc123,light,1,2026-02-03 15:12:08,1560,3286,3,ISC,91.0,2,6,2,0,0,0,M,27,Soltero
3287,est276_151208681130,Estudiante276,Hibrido276,est276@hibrido.com,$2y$10$abc123,light,1,2026-02-03 15:12:08,1561,3287,3,IGE,81.7,6,4,1,0,0,0,M,19,Soltero
3288,est277_151208687441,Estudiante277,Hibrido277,est277@hibrido.com,$2y$10$abc123,light,1,2026-02-03 15:12:08,1562,3288,3,ISC,80.4,1,7,2,0,0,0,M,21,Soltero
3289,est278_151208689575,Estudiante278,Hibrido278,est278@hibrido.com,$2y$10$abc123,light,1,2026-02-03 15:12:08,1563,3289,3,IINF,76.8,3,5,2,0,0,1,M,19,Soltero
3290,est279_151208689575,Estudiante279,Hibrido279,est279@hibrido.com,$2y$10$abc123,light,1,2026-02-03 15:12:08,1564,3290,3,ISC,71.4,5,8,1,0,1,1,M,23,Soltero
3291,est280_151208689575,Estudiante280,Hibrido280,est280@hibrido.com,$2y$10$abc123,light,1,2026-02-03 15:12:08,1565,3291,3,IINF,91.6,4,5,3,0,1,0,F,25,Soltero
3292,est281_151208689575,Estudiante281,Hibrido281,est281@hibrido.com,$2y$10$abc123,light,1,2026-02-03 15:12:08,1566,3292,3,IGE,90.3,3,7,0,0,0,1,F,27,Soltero
3293,est282_151208689575,Estudiante282,Hibrido282,est282@hibrido.com,$2y$10$abc123,light,1,2026-02-03 15:12:08,1567,3293,3,IGE,95.0,10,5,3,0,0,0,F,21,Soltero
3294,est283_151208689575,Estudiante283,Hibrido283,est283@hibrido.com,$2y$10$abc123,light,1,2026-02-03 15:12:08,1568,3294,3,IINF,94.9,5,5,1,0,0,0,M,22,Soltero
3295,est284_151208698419,Estudiante284,Hibrido284,est284@hibrido.com,$2y$10$abc123,light,1,2026-02-03 15:12:08,1569,3295,3,ICD,83.9,8,7,3,0,0,0,M,21,Soltero
3296,est285_151208698419,Estudiante285,Hibrido285,est285@hibrido.com,$2y$10$abc123,light,1,2026-02-03 15:12:08,1570,3296,3,IINF,89.2,4,5,2,0,0,0,F,20,Soltero
3297,est286_151208702465,Estudiante286,Hibrido286,est286@hibrido.com,$2y$10$abc123,light,1,2026-02-03 15:12:08,1571,3297,3,ICD,93.6,1,6,0,0,0,1,M,22,Soltero
3298,est287_151208702465,Estudiante287,Hibrido287,est287@hibrido.com,$2y$10$abc123,light,1,2026-02-03 15:12:08,1572,3298,3,ISC,91.2,7,6,1,0,0,0,M,26,Soltero
3299,est288_151208702465,Estudiante288,Hibrido288,est288@hibrido.com,$2y$10$abc123,light,1,2026-02-03 15:12:08,1573,3299,3,ISC,76.2,8,5,1,0,1,0,F,25,Soltero
3300,est289_151208705491,Estudiante289,Hibrido289,est289@hibrido.com,$2y$10$abc123,light,1,2026-02-03 15:12:08,1574,3300,3,ISC,81.3,3,8,1,0,0,0,F,25,Casado
3301,est290_151208708016,Estudiante290,Hibrido290,est290@hibrido.com,$2y$10$abc123,light,1,2026-02-03 15:12:08,1575,3301,3,IGE,73.2,6,7,0,0,0,0,F,25,Soltero
3302,est291_151208708016,Estudiante291,Hibrido291,est291@hibrido.com,$2y$10$abc123,light,1,2026-02-03 15:12:08,1576,3302,3,ISC,93.9,2,6,2,0,1,0,M,25,Soltero
3303,est292_151208708016,Estudiante292,Hibrido292,est292@hibrido.com,$2y$10$abc123,light,1,2026-02-03 15:12:08,1577,3303,3,ICD,85.2,7,8,1,0,0,0,M,24,Soltero
3304,est293_151208708016,Estudiante293,Hibrido293,est293@hibrido.com,$2y$10$abc123,light,1,2026-02-03 15:12:08,1578,3304,3,ISC,75.7,8,5,3,0,0,0,F,25,Soltero
3305,est294_151208713900,Estudiante294,Hibrido294,est294@hibrido.com,$2y$10$abc123,light,1,2026-02-03 15:12:08,1579,3305,3,IINF,86.8,6,8,1,0,0,1,M,25,Soltero
3306,est295_151208713900,Estudiante295,Hibrido295,est295@hibrido.com,$2y$10$abc123,light,1,2026-02-03 15:12:08,1580,3306,3,IINF,85.5,6,4,1,0,0,1,F,25,Soltero
3307,est296_151208718251,Estudiante296,Hibrido296,est296@hibrido.com,$2y$10$abc123,light,1,2026-02-03 15:12:08,1581,3307,3,IGE,79.0,5,6,1,0,1,0,F,27,Soltero
3308,est297_151208719557,Estudiante297,Hibrido297,est297@hibrido.com,$2y$10$abc123,light,1,2026-02-03 15:12:08,1582,3308,3,IINF,72.8,8,5,1,0,0,1,F,24,Soltero
3309,est298_151208719557,Estudiante298,Hibrido298,est298@hibrido.com,$2y$10$abc123,light,1,2026-02-03 15:12:08,1583,3309,3,ICD,86.8,1,7,2,0,0,0,M,18,Casado
3310,est299_151208722109,Estudiante299,Hibrido299,est299@hibrido.com,$2y$10$abc123,light,1,2026-02-03 15:12:08,1584,3310,3,ISC,83.0,10,5,3,0,1,0,M,21,Soltero
3311,est300_151208722109,Estudiante300,Hibrido300,est300@hibrido.com,$2y$10$abc123,light,1,2026-02-03 15:12:08,1585,3311,3,IGE,89.3,4,7,2,0,1,0,F,21,Soltero
3312,est301_151208722109,Estudiante301,Hibrido301,est301@hibrido.com,$2y$10$abc123,light,1,2026-02-03 15:12:08,1586,3312,3,ISC,83.0,4,5,3,0,1,0,F,22,Soltero
3313,est302_151208728240,Estudiante302,Hibrido302,est302@hibrido.com,$2y$10$abc123,light,1,2026-02-03 15:12:08,1587,3313,3,ISC,91.3,3,8,1,0,0,1,F,27,Soltero
3314,est303_151208730274,Estudiante303,Hibrido303,est303@hibrido.com,$2y$10$abc123,light,1,2026-02-03 15:12:08,1588,3314,3,ICD,83.8,3,8,0,0,0,0,M,23,Soltero
3315,est304_151208730274,Estudiante304,Hibrido304,est304@hibrido.com,$2y$10$abc123,light,1,2026-02-03 15:12:08,1589,3315,3,IINF,84.0,4,8,2,0,1,0,M,21,Soltero
3316,est305_151208730274,Estudiante305,Hibrido305,est305@hibrido.com,$2y$10$abc123,light,1,2026-02-03 15:12:08,1590,3316,3,IINF,91.9,1,4,0,0,1,0,F,19,Casado
3317,est306_151208730274,Estudiante306,Hibrido306,est306@hibrido.com,$2y$10$abc123,light,1,2026-02-03 15:12:08,1591,3317,3,ISC,80.1,2,7,2,0,0,0,F,23,Soltero
3318,est307_151208730274,Estudiante307,Hibrido307,est307@hibrido.com,$2y$10$abc123,light,1,2026-02-03 15:12:08,1592,3318,3,IGE,73.4,9,8,1,0,0,1,F,25,Soltero
3319,est308_151208738422,Estudiante308,Hibrido308,est308@hibrido.com,$2y$10$abc123,light,1,2026-02-03 15:12:08,1593,3319,3,IINF,70.7,10,4,2,0,0,0,M,25,Casado
3320,est309_151208738422,Estudiante309,Hibrido309,est309@hibrido.com,$2y$10$abc123,light,1,2026-02-03 15:12:08,1594,3320,3,IGE,88.9,2,7,1,0,1,0,F,24,Soltero
3321,est310_151208738422,Estudiante310,Hibrido310,est310@hibrido.com,$2y$10$abc123,light,1,2026-02-03 15:12:08,1595,3321,3,IINF,85.5,5,5,2,0,0,0,F,23,Casado
3322,est311_151208738422,Estudiante311,Hibrido311,est311@hibrido.com,$2y$10$abc123,light,1,2026-02-03 15:12:08,1596,3322,3,IGE,87.6,9,4,1,0,0,0,F,19,Soltero
3323,est312_151208748164,Estudiante312,Hibrido312,est312@hibrido.com,$2y$10$abc123,light,1,2026-02-03 15:12:08,1597,3323,3,ICD,75.3,9,6,1,0,0,0,M,24,Soltero
3324,est313_151208749427,Estudiante313,Hibrido313,est313@hibrido.com,$2y$10$abc123,light,1,2026-02-03 15:12:08,1598,3324,3,IGE,73.4,8,4,3,0,0,0,M,22,Soltero
3325,est314_151208749427,Estudiante314,Hibrido314,est314@hibrido.com,$2y$10$abc123,light,1,2026-02-03 15:12:08,1599,3325,3,ICD,70.4,1,4,1,0,1,0,F,23,Soltero
3326,est315_151208749427,Estudiante315,Hibrido315,est315@hibrido.com,$2y$10$abc123,light,1,2026-02-03 15:12:08,1600,3326,3,ICD,78.8,1,7,3,0,0,0,M,27,Soltero
3327,est316_151208749427,Estudiante316,Hibrido316,est316@hibrido.com,$2y$10$abc123,light,1,2026-02-03 15:12:08,1601,3327,3,IGE,84.7,9,5,1,0,1,1,M,25,Soltero
3328,est317_151208755083,Estudiante317,Hibrido317,est317@hibrido.com,$2y$10$abc123,light,1,2026-02-03 15:12:08,1602,3328,3,ICD,79.8,8,6,0,0,1,1,F,25,Casado
3329,est318_151208758136,Estudiante318,Hibrido318,est318@hibrido.com,$2y$10$abc123,light,1,2026-02-03 15:12:08,1603,3329,3,ISC,80.9,10,8,1,0,0,0,M,20,Soltero
3330,est319_151208758136,Estudiante319,Hibrido319,est319@hibrido.com,$2y$10$abc123,light,1,2026-02-03 15:12:08,1604,3330,3,ICD,92.6,9,8,0,0,0,0,F,24,Soltero
3331,est320_151208758136,Estudiante320,Hibrido320,est320@hibrido.com,$2y$10$abc123,light,1,2026-02-03 15:12:08,1605,3331,3,IINF,78.7,7,4,0,0,0,0,M,18,Soltero
3332,est321_151208758136,Estudiante321,Hibrido321,est321@hibrido.com,$2y$10$abc123,light,1,2026-02-03 15:12:08,1606,3332,3,IGE,82.8,3,7,1,0,1,1,F,18,Soltero
3333,est322_151208758136,Estudiante322,Hibrido322,est322@hibrido.com,$2y$10$abc123,light,1,2026-02-03 15:12:08,1607,3333,3,ISC,89.6,3,7,0,0,0,0,F,24,Soltero
3334,est323_151208767887,Estudiante323,Hibrido323,est323@hibrido.com,$2y$10$abc123,light,1,2026-02-03 15:12:08,1608,3334,3,IGE,79.9,2,8,3,0,0,0,M,27,Soltero
3335,est324_151208767887,Estudiante324,Hibrido324,est324@hibrido.com,$2y$10$abc123,light,1,2026-02-03 15:12:08,1609,3335,3,IINF,85.6,5,6,2,0,1,0,M,26,Soltero
3336,est325_151208767887,Estudiante325,Hibrido325,est325@hibrido.com,$2y$10$abc123,light,1,2026-02-03 15:12:08,1610,3336,3,IINF,91.6,3,5,1,0,0,0,M,24,Soltero
3337,est326_151208767887,Estudiante326,Hibrido326,est326@hibrido.com,$2y$10$abc123,light,1,2026-02-03 15:12:08,1611,3337,3,IINF,93.7,6,6,0,0,1,0,M,27,Soltero
3338,est327_151208774771,Estudiante327,Hibrido327,est327@hibrido.com,$2y$10$abc123,light,1,2026-02-03 15:12:08,1612,3338,3,ICD,73.7,2,5,1,0,0,0,F,22,Casado
3339,est328_151208774771,Estudiante328,Hibrido328,est328@hibrido.com,$2y$10$abc123,light,1,2026-02-03 15:12:08,1613,3339,3,ICD,93.2,3,8,3,0,0,0,F,25,Soltero
3340,est329_151208778408,Estudiante329,Hibrido329,est329@hibrido.com,$2y$10$abc123,light,1,2026-02-03 15:12:08,1614,3340,3,IGE,82.3,5,5,1,0,0,0,M,19,Soltero
3341,est330_151208778408,Estudiante330,Hibrido330,est330@hibrido.com,$2y$10$abc123,light,1,2026-02-03 15:12:08,1615,3341,3,IGE,76.5,1,7,1,0,1,0,M,26,Soltero
3342,est331_151208778408,Estudiante331,Hibrido331,est331@hibrido.com,$2y$10$abc123,light,1,2026-02-03 15:12:08,1616,3342,3,ISC,81.5,1,4,0,0,0,0,M,23,Soltero
3343,est332_151208782577,Estudiante332,Hibrido332,est332@hibrido.com,$2y$10$abc123,light,1,2026-02-03 15:12:08,1617,3343,3,ISC,94.5,10,4,3,0,1,0,F,26,Soltero
3344,est333_151208782577,Estudiante333,Hibrido333,est333@hibrido.com,$2y$10$abc123,light,1,2026-02-03 15:12:08,1618,3344,3,IGE,82.3,9,8,2,0,1,0,M,19,Soltero
3345,est334_151208782577,Estudiante334,Hibrido334,est334@hibrido.com,$2y$10$abc123,light,1,2026-02-03 15:12:08,1619,3345,3,ICD,78.2,7,7,2,0,0,0,F,20,Soltero
3346,est335_151208788381,Estudiante335,Hibrido335,est335@hibrido.com,$2y$10$abc123,light,1,2026-02-03 15:12:08,1620,3346,3,IINF,85.8,1,6,0,0,1,0,F,25,Soltero
3347,est336_151208790695,Estudiante336,Hibrido336,est336@hibrido.com,$2y$10$abc123,light,1,2026-02-03 15:12:08,1621,3347,3,IGE,76.0,8,7,1,0,0,1,F,18,Soltero
3348,est337_151208790695,Estudiante337,Hibrido337,est337@hibrido.com,$2y$10$abc123,light,1,2026-02-03 15:12:08,1622,3348,3,ISC,71.9,3,4,0,0,0,0,M,27,Casado
3349,est338_151208790695,Estudiante338,Hibrido338,est338@hibrido.com,$2y$10$abc123,light,1,2026-02-03 15:12:08,1623,3349,3,ICD,73.2,8,4,0,0,0,0,F,24,Soltero
3350,est339_151208790695,Estudiante339,Hibrido339,est339@hibrido.com,$2y$10$abc123,light,1,2026-02-03 15:12:08,1624,3350,3,IGE,73.2,5,7,0,0,1,0,M,24,Soltero
3351,est340_151208798150,Estudiante340,Hibrido340,est340@hibrido.com,$2y$10$abc123,light,1,2026-02-03 15:12:08,1625,3351,3,IGE,73.8,1,7,1,0,0,0,M,18,Soltero
3352,est341_151208799176,Estudiante341,Hibrido341,est341@hibrido.com,$2y$10$abc123,light,1,2026-02-03 15:12:08,1626,3352,3,ICD,73.5,7,4,3,0,0,0,F,26,Soltero
3353,est342_151208799176,Estudiante342,Hibrido342,est342@hibrido.com,$2y$10$abc123,light,1,2026-02-03 15:12:08,1627,3353,3,IGE,86.0,5,6,0,0,0,0,F,25,Soltero
3354,est343_151208799176,Estudiante343,Hibrido343,est343@hibrido.com,$2y$10$abc123,light,1,2026-02-03 15:12:08,1628,3354,3,ICD,74.5,6,8,1,0,0,0,M,21,Soltero
3355,est344_151208799176,Estudiante344,Hibrido344,est344@hibrido.com,$2y$10$abc123,light,1,2026-02-03 15:12:08,1629,3355,3,IINF,78.6,6,8,3,0,0,1,M,27,Soltero
3356,est345_151208799176,Estudiante345,Hibrido345,est345@hibrido.com,$2y$10$abc123,light,1,2026-02-03 15:12:08,1630,3356,3,ICD,92.4,8,7,0,0,1,0,M,22,Soltero
3357,est346_151208807589,Estudiante346,Hibrido346,est346@hibrido.com,$2y$10$abc123,light,1,2026-02-03 15:12:08,1631,3357,3,ICD,81.8,9,8,2,0,1,1,M,19,Soltero
3358,est347_151208808124,Estudiante347,Hibrido347,est347@hibrido.com,$2y$10$abc123,light,1,2026-02-03 15:12:08,1632,3358,3,ICD,86.7,2,4,3,0,0,1,M,26,Soltero
3359,est348_151208808124,Estudiante348,Hibrido348,est348@hibrido.com,$2y$10$abc123,light,1,2026-02-03 15:12:08,1633,3359,3,IGE,74.3,9,4,0,0,1,0,M,23,Soltero
3360,est349_151208808124,Estudiante349,Hibrido349,est349@hibrido.com,$2y$10$abc123,light,1,2026-02-03 15:12:08,1634,3360,3,IGE,74.8,10,7,3,0,0,1,M,20,Soltero
3361,est350_151208808124,Estudiante350,Hibrido350,est350@hibrido.com,$2y$10$abc123,light,1,2026-02-03 15:12:08,1635,3361,3,ICD,71.0,9,7,3,0,1,0,F,24,Soltero
3362,est351_151208808124,Estudiante351,Hibrido351,est351@hibrido.com,$2y$10$abc123,light,1,2026-02-03 15:12:08,1636,3362,3,IGE,74.2,10,7,3,0,0,1,F,26,Soltero
3363,est352_151208817997,Estudiante352,Hibrido352,est352@hibrido.com,$2y$10$abc123,light,1,2026-02-03 15:12:08,1637,3363,3,ISC,77.0,10,6,3,0,0,0,F,20,Soltero
3364,est353_151208819274,Estudiante353,Hibrido353,est353@hibrido.com,$2y$10$abc123,light,1,2026-02-03 15:12:08,1638,3364,3,ISC,74.4,7,8,3,0,0,0,M,19,Soltero
3365,est354_151208819274,Estudiante354,Hibrido354,est354@hibrido.com,$2y$10$abc123,light,1,2026-02-03 15:12:08,1639,3365,3,IGE,72.2,1,7,3,0,1,0,F,24,Soltero
3366,est355_151208819274,Estudiante355,Hibrido355,est355@hibrido.com,$2y$10$abc123,light,1,2026-02-03 15:12:08,1640,3366,3,IGE,73.0,7,5,0,0,0,0,F,24,Soltero
3367,est356_151208824547,Estudiante356,Hibrido356,est356@hibrido.com,$2y$10$abc123,light,1,2026-02-03 15:12:08,1641,3367,3,ICD,81.5,10,5,2,0,0,0,F,21,Soltero
3368,est357_151208827962,Estudiante357,Hibrido357,est357@hibrido.com,$2y$10$abc123,light,1,2026-02-03 15:12:08,1642,3368,3,IINF,75.2,5,4,1,0,0,0,F,26,Soltero
3369,est358_151208827962,Estudiante358,Hibrido358,est358@hibrido.com,$2y$10$abc123,light,1,2026-02-03 15:12:08,1643,3369,3,IGE,79.1,6,8,3,0,0,0,F,25,Soltero
3370,est359_151208827962,Estudiante359,Hibrido359,est359@hibrido.com,$2y$10$abc123,light,1,2026-02-03 15:12:08,1644,3370,3,ISC,82.6,10,7,1,0,0,0,M,18,Soltero
3371,est360_151208832241,Estudiante360,Hibrido360,est360@hibrido.com,$2y$10$abc123,light,1,2026-02-03 15:12:08,1645,3371,3,ICD,87.3,7,5,0,0,1,0,M,18,Soltero
3372,est361_151208832241,Estudiante361,Hibrido361,est361@hibrido.com,$2y$10$abc123,light,1,2026-02-03 15:12:08,1646,3372,3,IGE,71.0,5,8,3,0,1,0,F,22,Soltero
3373,est362_151208837860,Estudiante362,Hibrido362,est362@hibrido.com,$2y$10$abc123,light,1,2026-02-03 15:12:08,1647,3373,3,ISC,90.0,7,4,2,0,0,1,F,23,Soltero
3374,est363_151208840733,Estudiante363,Hibrido363,est363@hibrido.com,$2y$10$abc123,light,1,2026-02-03 15:12:08,1648,3374,3,ISC,85.7,9,6,1,0,1,1,F,20,Soltero
3375,est364_151208840733,Estudiante364,Hibrido364,est364@hibrido.com,$2y$10$abc123,light,1,2026-02-03 15:12:08,1649,3375,3,IINF,72.0,3,8,3,0,0,1,M,26,Casado
3376,est365_151208840733,Estudiante365,Hibrido365,est365@hibrido.com,$2y$10$abc123,light,1,2026-02-03 15:12:08,1650,3376,3,ICD,91.8,8,8,0,0,1,0,M,27,Soltero
3377,est366_151208840733,Estudiante366,Hibrido366,est366@hibrido.com,$2y$10$abc123,light,1,2026-02-03 15:12:08,1651,3377,3,ICD,93.0,2,6,2,0,1,0,M,23,Soltero
3378,est367_151208849078,Estudiante367,Hibrido367,est367@hibrido.com,$2y$10$abc123,light,1,2026-02-03 15:12:08,1652,3378,3,IINF,71.5,7,8,1,0,0,0,F,21,Casado
3379,est368_151208849078,Estudiante368,Hibrido368,est368@hibrido.com,$2y$10$abc123,light,1,2026-02-03 15:12:08,1653,3379,3,IINF,76.9,2,4,1,0,1,1,F,24,Casado
3380,est369_151208849078,Estudiante369,Hibrido369,est369@hibrido.com,$2y$10$abc123,light,1,2026-02-03 15:12:08,1654,3380,3,ICD,90.2,4,4,3,0,0,0,M,25,Soltero
3381,est370_151208849078,Estudiante370,Hibrido370,est370@hibrido.com,$2y$10$abc123,light,1,2026-02-03 15:12:08,1655,3381,3,ICD,88.7,7,6,2,0,0,0,M,26,Soltero
3382,est371_151208849078,Estudiante371,Hibrido371,est371@hibrido.com,$2y$10$abc123,light,1,2026-02-03 15:12:08,1656,3382,3,IGE,74.6,3,7,2,0,1,0,M,23,Soltero
3383,est372_151208849078,Estudiante372,Hibrido372,est372@hibrido.com,$2y$10$abc123,light,1,2026-02-03 15:12:08,1657,3383,3,IGE,75.2,2,5,2,0,0,1,F,23,Soltero
3384,est373_151208849078,Estudiante373,Hibrido373,est373@hibrido.com,$2y$10$abc123,light,1,2026-02-03 15:12:08,1658,3384,3,IINF,79.3,10,7,2,0,0,0,F,25,Soltero
3385,est374_151208858093,Estudiante374,Hibrido374,est374@hibrido.com,$2y$10$abc123,light,1,2026-02-03 15:12:08,1659,3385,3,IGE,82.1,7,8,0,0,0,0,F,22,Soltero
3386,est375_151208859413,Estudiante375,Hibrido375,est375@hibrido.com,$2y$10$abc123,light,1,2026-02-03 15:12:08,1660,3386,3,ISC,85.5,1,5,2,0,1,0,M,20,Soltero
3387,est376_151208859413,Estudiante376,Hibrido376,est376@hibrido.com,$2y$10$abc123,light,1,2026-02-03 15:12:08,1661,3387,3,IGE,79.2,8,6,1,0,0,0,F,20,Casado
3388,est377_151208859413,Estudiante377,Hibrido377,est377@hibrido.com,$2y$10$abc123,light,1,2026-02-03 15:12:08,1662,3388,3,IGE,81.6,3,6,1,0,0,0,M,23,Soltero
3389,est378_151208859413,Estudiante378,Hibrido378,est378@hibrido.com,$2y$10$abc123,light,1,2026-02-03 15:12:08,1663,3389,3,ISC,88.7,2,5,0,0,1,0,F,19,Soltero
3390,est379_151208859413,Estudiante379,Hibrido379,est379@hibrido.com,$2y$10$abc123,light,1,2026-02-03 15:12:08,1664,3390,3,IINF,70.9,3,4,1,0,1,0,M,23,Soltero
3391,est380_151208867481,Estudiante380,Hibrido380,est380@hibrido.com,$2y$10$abc123,light,1,2026-02-03 15:12:08,1665,3391,3,ISC,76.3,5,5,1,0,0,1,M,23,Soltero
3392,est381_151208868006,Estudiante381,Hibrido381,est381@hibrido.com,$2y$10$abc123,light,1,2026-02-03 15:12:08,1666,3392,3,IGE,87.8,8,8,2,0,0,0,F,25,Soltero
3393,est382_151208868006,Estudiante382,Hibrido382,est382@hibrido.com,$2y$10$abc123,light,1,2026-02-03 15:12:08,1667,3393,3,IINF,92.4,10,4,1,0,0,1,F,24,Soltero
3394,est383_151208872187,Estudiante383,Hibrido383,est383@hibrido.com,$2y$10$abc123,light,1,2026-02-03 15:12:08,1668,3394,3,IGE,82.8,7,6,0,0,0,1,M,25,Soltero
3395,est384_151208874210,Estudiante384,Hibrido384,est384@hibrido.com,$2y$10$abc123,light,1,2026-02-03 15:12:08,1669,3395,3,ISC,83.3,7,5,2,0,0,0,F,26,Soltero
3396,est385_151208874210,Estudiante385,Hibrido385,est385@hibrido.com,$2y$10$abc123,light,1,2026-02-03 15:12:08,1670,3396,3,ISC,72.7,7,7,3,0,1,0,M,23,Soltero
3397,est386_151208877506,Estudiante386,Hibrido386,est386@hibrido.com,$2y$10$abc123,light,1,2026-02-03 15:12:08,1671,3397,3,IGE,81.2,8,7,2,0,0,0,M,20,Casado
3398,est387_151208878035,Estudiante387,Hibrido387,est387@hibrido.com,$2y$10$abc123,light,1,2026-02-03 15:12:08,1672,3398,3,ICD,83.3,1,8,0,0,0,1,M,27,Soltero
3399,est388_151208878035,Estudiante388,Hibrido388,est388@hibrido.com,$2y$10$abc123,light,1,2026-02-03 15:12:08,1673,3399,3,ICD,76.1,4,7,2,0,0,0,M,20,Soltero
3400,est389_151208878035,Estudiante389,Hibrido389,est389@hibrido.com,$2y$10$abc123,light,1,2026-02-03 15:12:08,1674,3400,3,ISC,76.7,6,5,2,0,1,0,M,18,Soltero
3401,est390_151208878035,Estudiante390,Hibrido390,est390@hibrido.com,$2y$10$abc123,light,1,2026-02-03 15:12:08,1675,3401,3,ISC,79.4,9,5,0,0,0,0,M,22,Soltero
3402,est391_151208882915,Estudiante391,Hibrido391,est391@hibrido.com,$2y$10$abc123,light,1,2026-02-03 15:12:08,1676,3402,3,ICD,70.5,2,7,2,0,1,0,M,21,Soltero
3403,est392_151208882915,Estudiante392,Hibrido392,est392@hibrido.com,$2y$10$abc123,light,1,2026-02-03 15:12:08,1677,3403,3,ICD,78.1,1,5,0,0,0,0,F,26,Soltero
3404,est393_151208882915,Estudiante393,Hibrido393,est393@hibrido.com,$2y$10$abc123,light,1,2026-02-03 15:12:08,1678,3404,3,IGE,75.3,10,8,0,0,0,0,M,26,Casado
3405,est394_151208887491,Estudiante394,Hibrido394,est394@hibrido.com,$2y$10$abc123,light,1,2026-02-03 15:12:08,1679,3405,3,IGE,78.2,2,4,3,0,0,0,F,22,Casado
3406,est395_151208888564,Estudiante395,Hibrido395,est395@hibrido.com,$2y$10$abc123,light,1,2026-02-03 15:12:08,1680,3406,3,ICD,73.0,7,8,1,0,0,0,M,27,Soltero
3407,est396_151208889350,Estudiante396,Hibrido396,est396@hibrido.com,$2y$10$abc123,light,1,2026-02-03 15:12:08,1681,3407,3,IGE,92.3,3,8,1,0,0,0,F,21,Soltero
3408,est397_151208891268,Estudiante397,Hibrido397,est397@hibrido.com,$2y$10$abc123,light,1,2026-02-03 15:12:08,1682,3408,3,IGE,84.8,10,5,2,0,0,0,M,24,Soltero
3409,est398_151208891268,Estudiante398,Hibrido398,est398@hibrido.com,$2y$10$abc123,light,1,2026-02-03 15:12:08,1683,3409,3,IINF,87.0,2,4,2,0,0,0,M,23,Soltero
3410,est399_151208891268,Estudiante399,Hibrido399,est399@hibrido.com,$2y$10$abc123,light,1,2026-02-03 15:12:08,1684,3410,3,IGE,89.7,7,5,3,0,1,0,M,21,Soltero
3411,est400_151208891268,Estudiante400,Hibrido400,est400@hibrido.com,$2y$10$abc123,light,1,2026-02-03 15:12:08,1685,3411,3,ISC,82.5,2,6,3,0,0,1,M,27,Soltero
3412,est401_151208898196,Estudiante401,Hibrido401,est401@hibrido.com,$2y$10$abc123,light,1,2026-02-03 15:12:08,1686,3412,3,IGE,72.2,3,5,3,0,1,0,M,19,Casado
3413,est402_151208899522,Estudiante402,Hibrido402,est402@hibrido.com,$2y$10$abc123,light,1,2026-02-03 15:12:08,1687,3413,3,IGE,83.4,7,5,0,0,0,0,F,18,Soltero
3414,est403_151208899522,Estudiante403,Hibrido403,est403@hibrido.com,$2y$10$abc123,light,1,2026-02-03 15:12:08,1688,3414,3,ICD,84.7,4,5,3,0,0,0,F,21,Casado
3415,est404_151208899522,Estudiante404,Hibrido404,est404@hibrido.com,$2y$10$abc123,light,1,2026-02-03 15:12:08,1689,3415,3,ISC,88.6,1,4,3,0,0,0,F,21,Soltero
3416,est405_151208899522,Estudiante405,Hibrido405,est405@hibrido.com,$2y$10$abc123,light,1,2026-02-03 15:12:08,1690,3416,3,IGE,80.8,5,5,2,0,0,0,F,18,Soltero
3417,est406_151208899522,Estudiante406,Hibrido406,est406@hibrido.com,$2y$10$abc123,light,1,2026-02-03 15:12:08,1691,3417,3,IGE,73.2,9,4,3,0,0,0,M,23,Soltero
3418,est407_151208908261,Estudiante407,Hibrido407,est407@hibrido.com,$2y$10$abc123,light,1,2026-02-03 15:12:08,1692,3418,3,IINF,77.1,8,7,0,0,0,1,M,21,Soltero
3419,est408_151208908261,Estudiante408,Hibrido408,est408@hibrido.com,$2y$10$abc123,light,1,2026-02-03 15:12:08,1693,3419,3,IGE,79.1,9,6,0,0,0,0,M,18,Soltero
3420,est409_151208915184,Estudiante409,Hibrido409,est409@hibrido.com,$2y$10$abc123,light,1,2026-02-03 15:12:08,1694,3420,3,IGE,86.1,10,4,2,0,0,0,M,18,Casado
3421,est410_151208917203,Estudiante410,Hibrido410,est410@hibrido.com,$2y$10$abc123,light,1,2026-02-03 15:12:08,1695,3421,3,IINF,84.3,9,7,3,0,0,0,M,18,Soltero
3422,est411_151208918234,Estudiante411,Hibrido411,est411@hibrido.com,$2y$10$abc123,light,1,2026-02-03 15:12:08,1696,3422,3,ICD,78.9,7,4,3,0,1,0,M,25,Casado
3423,est412_151208918234,Estudiante412,Hibrido412,est412@hibrido.com,$2y$10$abc123,light,1,2026-02-03 15:12:08,1697,3423,3,IGE,94.7,4,4,0,0,1,0,M,27,Casado
3424,est413_151208918234,Estudiante413,Hibrido413,est413@hibrido.com,$2y$10$abc123,light,1,2026-02-03 15:12:08,1698,3424,3,IINF,85.1,5,6,3,0,1,0,M,25,Soltero
3425,est414_151208923398,Estudiante414,Hibrido414,est414@hibrido.com,$2y$10$abc123,light,1,2026-02-03 15:12:08,1699,3425,3,ISC,75.9,1,8,3,0,1,0,F,19,Casado
3426,est415_151208923398,Estudiante415,Hibrido415,est415@hibrido.com,$2y$10$abc123,light,1,2026-02-03 15:12:08,1700,3426,3,ICD,72.5,1,8,3,0,0,0,F,24,Casado
3427,est416_151208929513,Estudiante416,Hibrido416,est416@hibrido.com,$2y$10$abc123,light,1,2026-02-03 15:12:08,1701,3427,3,ISC,73.8,3,4,1,0,0,0,M,25,Soltero
3428,est417_151208931543,Estudiante417,Hibrido417,est417@hibrido.com,$2y$10$abc123,light,1,2026-02-03 15:12:08,1702,3428,3,ISC,76.1,8,5,2,0,1,0,F,25,Soltero
3429,est418_151208931543,Estudiante418,Hibrido418,est418@hibrido.com,$2y$10$abc123,light,1,2026-02-03 15:12:08,1703,3429,3,IINF,74.0,2,7,1,0,0,0,F,27,Casado
3430,est419_151208931543,Estudiante419,Hibrido419,est419@hibrido.com,$2y$10$abc123,light,1,2026-02-03 15:12:08,1704,3430,3,IGE,74.7,4,5,2,0,0,0,M,24,Soltero
3431,est420_151208931543,Estudiante420,Hibrido420,est420@hibrido.com,$2y$10$abc123,light,1,2026-02-03 15:12:08,1705,3431,3,IINF,77.1,2,5,0,0,0,1,M,22,Soltero
3432,est421_151208937997,Estudiante421,Hibrido421,est421@hibrido.com,$2y$10$abc123,light,1,2026-02-03 15:12:08,1706,3432,3,IINF,74.3,5,4,3,0,0,0,M,18,Casado
3433,est422_151208939874,Estudiante422,Hibrido422,est422@hibrido.com,$2y$10$abc123,light,1,2026-02-03 15:12:08,1707,3433,3,IINF,92.4,9,4,2,0,0,0,F,26,Soltero
3434,est423_151208939874,Estudiante423,Hibrido423,est423@hibrido.com,$2y$10$abc123,light,1,2026-02-03 15:12:08,1708,3434,3,IINF,72.0,1,4,1,0,1,0,F,24,Soltero
3435,est424_151208939874,Estudiante424,Hibrido424,est424@hibrido.com,$2y$10$abc123,light,1,2026-02-03 15:12:08,1709,3435,3,ICD,83.1,5,4,3,0,0,1,M,19,Soltero
3436,est425_151208939874,Estudiante425,Hibrido425,est425@hibrido.com,$2y$10$abc123,light,1,2026-02-03 15:12:08,1710,3436,3,IGE,80.3,9,8,0,0,0,1,M,23,Soltero
3437,est426_151208947150,Estudiante426,Hibrido426,est426@hibrido.com,$2y$10$abc123,light,1,2026-02-03 15:12:08,1711,3437,3,ISC,94.6,1,4,2,0,1,0,F,19,Soltero
3438,est427_151208948238,Estudiante427,Hibrido427,est427@hibrido.com,$2y$10$abc123,light,1,2026-02-03 15:12:08,1712,3438,3,ISC,72.8,9,8,2,0,0,1,M,18,Casado
3439,est428_151208948238,Estudiante428,Hibrido428,est428@hibrido.com,$2y$10$abc123,light,1,2026-02-03 15:12:08,1713,3439,3,IGE,79.9,8,8,2,0,0,0,M,24,Soltero
3440,est429_151208948238,Estudiante429,Hibrido429,est429@hibrido.com,$2y$10$abc123,light,1,2026-02-03 15:12:08,1714,3440,3,ISC,94.2,4,4,3,0,0,0,F,19,Soltero
3441,est430_151208948238,Estudiante430,Hibrido430,est430@hibrido.com,$2y$10$abc123,light,1,2026-02-03 15:12:08,1715,3441,3,IGE,91.6,10,6,1,0,1,1,F,19,Soltero
3442,est431_151208948238,Estudiante431,Hibrido431,est431@hibrido.com,$2y$10$abc123,light,1,2026-02-03 15:12:08,1716,3442,3,ISC,90.4,5,7,1,0,1,1,F,22,Soltero
3443,est432_151208958252,Estudiante432,Hibrido432,est432@hibrido.com,$2y$10$abc123,light,1,2026-02-03 15:12:08,1717,3443,3,IINF,76.4,5,5,2,0,0,0,F,22,Soltero
3444,est433_151208960069,Estudiante433,Hibrido433,est433@hibrido.com,$2y$10$abc123,light,1,2026-02-03 15:12:08,1718,3444,3,ISC,74.3,6,8,0,0,1,0,F,24,Casado
3445,est434_151208961374,Estudiante434,Hibrido434,est434@hibrido.com,$2y$10$abc123,light,1,2026-02-03 15:12:08,1719,3445,3,IGE,86.7,7,7,0,0,0,0,M,18,Casado
3446,est435_151208962439,Estudiante435,Hibrido435,est435@hibrido.com,$2y$10$abc123,light,1,2026-02-03 15:12:08,1720,3446,3,IGE,93.2,8,6,1,0,1,0,F,25,Soltero
3447,est436_151208962439,Estudiante436,Hibrido436,est436@hibrido.com,$2y$10$abc123,light,1,2026-02-03 15:12:08,1721,3447,3,IGE,83.9,8,5,0,0,1,1,M,20,Soltero
3448,est437_151208962439,Estudiante437,Hibrido437,est437@hibrido.com,$2y$10$abc123,light,1,2026-02-03 15:12:08,1722,3448,3,IGE,84.3,2,5,1,0,1,0,F,21,Casado
3449,est438_151208967848,Estudiante438,Hibrido438,est438@hibrido.com,$2y$10$abc123,light,1,2026-02-03 15:12:08,1723,3449,3,IGE,77.0,9,8,2,0,0,0,M,26,Casado
3450,est439_151208967848,Estudiante439,Hibrido439,est439@hibrido.com,$2y$10$abc123,light,1,2026-02-03 15:12:08,1724,3450,3,ICD,89.2,7,4,1,0,1,0,F,21,Soltero
3451,est440_151208970568,Estudiante440,Hibrido440,est440@hibrido.com,$2y$10$abc123,light,1,2026-02-03 15:12:08,1725,3451,3,ICD,74.7,4,6,1,0,1,0,M,27,Soltero
3452,est441_151208970568,Estudiante441,Hibrido441,est441@hibrido.com,$2y$10$abc123,light,1,2026-02-03 15:12:08,1726,3452,3,ISC,78.1,4,8,2,0,0,0,M,22,Soltero
3453,est442_151208970568,Estudiante442,Hibrido442,est442@hibrido.com,$2y$10$abc123,light,1,2026-02-03 15:12:08,1727,3453,3,IGE,80.6,8,6,0,0,1,0,M,24,Casado
3454,est443_151208970568,Estudiante443,Hibrido443,est443@hibrido.com,$2y$10$abc123,light,1,2026-02-03 15:12:08,1728,3454,3,ISC,82.7,4,4,1,0,0,1,M,21,Soltero
3455,est444_151208978253,Estudiante444,Hibrido444,est444@hibrido.com,$2y$10$abc123,light,1,2026-02-03 15:12:08,1729,3455,3,IGE,76.1,6,4,1,0,1,1,F,18,Soltero
3456,est445_151208978253,Estudiante445,Hibrido445,est445@hibrido.com,$2y$10$abc123,light,1,2026-02-03 15:12:08,1730,3456,3,IGE,72.9,5,8,2,0,0,0,F,26,Soltero
3457,est446_151208978253,Estudiante446,Hibrido446,est446@hibrido.com,$2y$10$abc123,light,1,2026-02-03 15:12:08,1731,3457,3,ICD,85.3,3,4,0,0,1,1,M,21,Casado
3458,est447_151208978253,Estudiante447,Hibrido447,est447@hibrido.com,$2y$10$abc123,light,1,2026-02-03 15:12:08,1732,3458,3,ICD,77.2,10,7,1,0,0,1,M,26,Soltero
3459,est448_151208978253,Estudiante448,Hibrido448,est448@hibrido.com,$2y$10$abc123,light,1,2026-02-03 15:12:08,1733,3459,3,IINF,84.5,2,5,2,0,0,1,M,23,Soltero
3460,est449_151208988695,Estudiante449,Hibrido449,est449@hibrido.com,$2y$10$abc123,light,1,2026-02-03 15:12:08,1734,3460,3,ICD,73.9,9,8,1,0,0,0,M,18,Soltero
3461,est450_151208988695,Estudiante450,Hibrido450,est450@hibrido.com,$2y$10$abc123,light,1,2026-02-03 15:12:08,1735,3461,3,IINF,82.0,10,6,3,0,0,0,M,20,Soltero
3462,est451_151208988695,Estudiante451,Hibrido451,est451@hibrido.com,$2y$10$abc123,light,1,2026-02-03 15:12:08,1736,3462,3,IINF,83.3,9,7,2,0,0,0,F,19,Soltero
3463,est452_151208988695,Estudiante452,Hibrido452,est452@hibrido.com,$2y$10$abc123,light,1,2026-02-03 15:12:08,1737,3463,3,IINF,71.3,1,8,0,0,0,0,M,26,Casado
3464,est453_151208994661,Estudiante453,Hibrido453,est453@hibrido.com,$2y$10$abc123,light,1,2026-02-03 15:12:08,1738,3464,3,IINF,78.4,10,4,0,0,0,0,M,18,Casado
3465,est454_151208999268,Estudiante454,Hibrido454,est454@hibrido.com,$2y$10$abc123,light,1,2026-02-03 15:12:08,1739,3465,3,IINF,73.4,3,4,0,0,0,0,M,26,Casado
3466,est455_151208999268,Estudiante455,Hibrido455,est455@hibrido.com,$2y$10$abc123,light,1,2026-02-03 15:12:09,1740,3466,3,ISC,71.6,8,4,0,0,0,0,M,26,Casado
3467,est456_151208999268,Estudiante456,Hibrido456,est456@hibrido.com,$2y$10$abc123,light,1,2026-02-03 15:12:09,1741,3467,3,ICD,94.7,6,4,1,0,1,0,M,25,Soltero
3468,est457_151209002809,Estudiante457,Hibrido457,est457@hibrido.com,$2y$10$abc123,light,1,2026-02-03 15:12:09,1742,3468,3,IINF,78.1,5,6,1,0,0,0,F,25,Casado
3469,est458_151209002809,Estudiante458,Hibrido458,est458@hibrido.com,$2y$10$abc123,light,1,2026-02-03 15:12:09,1743,3469,3,IGE,90.2,5,7,0,0,1,0,M,18,Soltero
3470,est459_151209008235,Estudiante459,Hibrido459,est459@hibrido.com,$2y$10$abc123,light,1,2026-02-03 15:12:09,1744,3470,3,ICD,76.4,6,5,0,0,1,1,M,25,Soltero
3471,est460_151209008235,Estudiante460,Hibrido460,est460@hibrido.com,$2y$10$abc123,light,1,2026-02-03 15:12:09,1745,3471,3,ICD,87.0,7,6,0,0,0,1,M,27,Casado
3472,est461_151209011004,Estudiante461,Hibrido461,est461@hibrido.com,$2y$10$abc123,light,1,2026-02-03 15:12:09,1746,3472,3,IINF,89.0,1,6,1,0,0,1,M,20,Soltero
3473,est462_151209014128,Estudiante462,Hibrido462,est462@hibrido.com,$2y$10$abc123,light,1,2026-02-03 15:12:09,1747,3473,3,ISC,84.9,9,5,0,0,1,1,M,24,Soltero
3474,est463_151209018156,Estudiante463,Hibrido463,est463@hibrido.com,$2y$10$abc123,light,1,2026-02-03 15:12:09,1748,3474,3,IINF,81.8,3,5,0,0,0,0,F,18,Soltero
3475,est464_151209019172,Estudiante464,Hibrido464,est464@hibrido.com,$2y$10$abc123,light,1,2026-02-03 15:12:09,1749,3475,3,ISC,80.3,4,4,3,0,0,1,F,18,Soltero
3476,est465_151209019172,Estudiante465,Hibrido465,est465@hibrido.com,$2y$10$abc123,light,1,2026-02-03 15:12:09,1750,3476,3,IGE,78.7,10,6,3,0,0,0,F,27,Soltero
3477,est466_151209019172,Estudiante466,Hibrido466,est466@hibrido.com,$2y$10$abc123,light,1,2026-02-03 15:12:09,1751,3477,3,ICD,93.2,1,8,0,0,1,0,M,22,Casado
3478,est467_151209019172,Estudiante467,Hibrido467,est467@hibrido.com,$2y$10$abc123,light,1,2026-02-03 15:12:09,1752,3478,3,IGE,90.8,10,5,2,0,0,0,M,22,Casado
3479,est468_151209027307,Estudiante468,Hibrido468,est468@hibrido.com,$2y$10$abc123,light,1,2026-02-03 15:12:09,1753,3479,3,ISC,94.1,3,5,0,0,0,0,M,25,Soltero
3480,est469_151209029790,Estudiante469,Hibrido469,est469@hibrido.com,$2y$10$abc123,light,1,2026-02-03 15:12:09,1754,3480,3,ISC,73.1,2,7,3,0,1,0,F,24,Soltero
3481,est470_151209029790,Estudiante470,Hibrido470,est470@hibrido.com,$2y$10$abc123,light,1,2026-02-03 15:12:09,1755,3481,3,IGE,88.3,2,8,2,0,1,0,F,25,Soltero
3482,est471_151209029790,Estudiante471,Hibrido471,est471@hibrido.com,$2y$10$abc123,light,1,2026-02-03 15:12:09,1756,3482,3,ISC,93.5,1,8,2,0,0,1,M,23,Casado
3483,est472_151209035474,Estudiante472,Hibrido472,est472@hibrido.com,$2y$10$abc123,light,1,2026-02-03 15:12:09,1757,3483,3,IGE,74.5,8,5,0,0,0,0,M,23,Soltero
3484,est473_151209037991,Estudiante473,Hibrido473,est473@hibrido.com,$2y$10$abc123,light,1,2026-02-03 15:12:09,1758,3484,3,ICD,71.7,3,4,3,0,1,0,M,19,Soltero
3485,est474_151209037991,Estudiante474,Hibrido474,est474@hibrido.com,$2y$10$abc123,light,1,2026-02-03 15:12:09,1759,3485,3,IGE,88.5,3,7,3,0,0,1,F,23,Soltero
3486,est475_151209037991,Estudiante475,Hibrido475,est475@hibrido.com,$2y$10$abc123,light,1,2026-02-03 15:12:09,1760,3486,3,ICD,84.4,6,8,2,0,0,0,F,22,Soltero
3487,est476_151209043921,Estudiante476,Hibrido476,est476@hibrido.com,$2y$10$abc123,light,1,2026-02-03 15:12:09,1761,3487,3,IGE,91.0,8,5,0,0,0,0,M,20,Soltero
3488,est477_151209043921,Estudiante477,Hibrido477,est477@hibrido.com,$2y$10$abc123,light,1,2026-02-03 15:12:09,1762,3488,3,ISC,73.5,9,8,1,0,1,0,M,23,Casado
3489,est478_151209047960,Estudiante478,Hibrido478,est478@hibrido.com,$2y$10$abc123,light,1,2026-02-03 15:12:09,1763,3489,3,IGE,89.9,9,7,1,0,0,0,F,25,Soltero
3490,est479_151209047960,Estudiante479,Hibrido479,est479@hibrido.com,$2y$10$abc123,light,1,2026-02-03 15:12:09,1764,3490,3,ISC,75.0,4,7,3,0,1,0,M,26,Soltero
3491,est480_151209047960,Estudiante480,Hibrido480,est480@hibrido.com,$2y$10$abc123,light,1,2026-02-03 15:12:09,1765,3491,3,IGE,74.1,5,6,1,0,1,1,M,18,Soltero
3492,est481_151209052149,Estudiante481,Hibrido481,est481@hibrido.com,$2y$10$abc123,light,1,2026-02-03 15:12:09,1766,3492,3,IGE,74.1,2,5,3,0,0,0,M,20,Soltero
3493,est482_151209052149,Estudiante482,Hibrido482,est482@hibrido.com,$2y$10$abc123,light,1,2026-02-03 15:12:09,1767,3493,3,IINF,90.4,9,7,3,0,0,0,F,20,Soltero
3494,est483_151209052149,Estudiante483,Hibrido483,est483@hibrido.com,$2y$10$abc123,light,1,2026-02-03 15:12:09,1768,3494,3,ISC,86.6,8,6,3,0,0,1,M,25,Soltero
3495,est484_151209058076,Estudiante484,Hibrido484,est484@hibrido.com,$2y$10$abc123,light,1,2026-02-03 15:12:09,1769,3495,3,IINF,83.1,3,6,1,0,0,0,M,18,Soltero
3496,est485_151209058076,Estudiante485,Hibrido485,est485@hibrido.com,$2y$10$abc123,light,1,2026-02-03 15:12:09,1770,3496,3,ISC,79.0,9,8,3,0,0,0,F,22,Soltero
3497,est486_151209060464,Estudiante486,Hibrido486,est486@hibrido.com,$2y$10$abc123,light,1,2026-02-03 15:12:09,1771,3497,3,IINF,91.9,3,8,2,0,1,0,M,20,Casado
3498,est487_151209060464,Estudiante487,Hibrido487,est487@hibrido.com,$2y$10$abc123,light,1,2026-02-03 15:12:09,1772,3498,3,ICD,79.8,9,6,0,0,0,0,M,19,Soltero
3499,est488_151209060464,Estudiante488,Hibrido488,est488@hibrido.com,$2y$10$abc123,light,1,2026-02-03 15:12:09,1773,3499,3,IGE,90.4,2,8,0,0,1,0,M,25,Casado
3500,est489_151209067280,Estudiante489,Hibrido489,est489@hibrido.com,$2y$10$abc123,light,1,2026-02-03 15:12:09,1774,3500,3,ISC,81.0,10,7,3,0,0,0,M,20,Soltero
3501,est490_151209069634,Estudiante490,Hibrido490,est490@hibrido.com,$2y$10$abc123,light,1,2026-02-03 15:12:09,1775,3501,3,ISC,79.4,9,4,0,0,0,0,F,24,Soltero
3502,est491_151209069634,Estudiante491,Hibrido491,est491@hibrido.com,$2y$10$abc123,light,1,2026-02-03 15:12:09,1776,3502,3,IGE,81.6,8,7,1,0,0,1,M,18,Soltero
3503,est492_151209069634,Estudiante492,Hibrido492,est492@hibrido.com,$2y$10$abc123,light,1,2026-02-03 15:12:09,1777,3503,3,ISC,77.5,9,6,1,0,0,0,M,23,Soltero
3504,est493_151209069634,Estudiante493,Hibrido493,est493@hibrido.com,$2y$10$abc123,light,1,2026-02-03 15:12:09,1778,3504,3,ISC,88.7,5,6,0,0,1,0,F,20,Soltero
3505,est494_151209069634,Estudiante494,Hibrido494,est494@hibrido.com,$2y$10$abc123,light,1,2026-02-03 15:12:09,1779,3505,3,IINF,82.6,2,7,1,0,0,0,F,25,Soltero
3506,est495_151209077887,Estudiante495,Hibrido495,est495@hibrido.com,$2y$10$abc123,light,1,2026-02-03 15:12:09,1780,3506,3,ISC,75.8,8,8,0,0,0,0,F,23,Soltero
3507,est496_151209077887,Estudiante496,Hibrido496,est496@hibrido.com,$2y$10$abc123,light,1,2026-02-03 15:12:09,1781,3507,3,ICD,92.5,6,8,0,0,0,0,M,19,Soltero
3508,est497_151209077887,Estudiante497,Hibrido497,est497@hibrido.com,$2y$10$abc123,light,1,2026-02-03 15:12:09,1782,3508,3,ICD,79.6,8,6,0,0,0,0,M,23,Soltero
3509,est498_151209077887,Estudiante498,Hibrido498,est498@hibrido.com,$2y$10$abc123,light,1,2026-02-03 15:12:09,1783,3509,3,IGE,83.6,5,5,3,0,0,1,F,24,Soltero
3510,est499_151209085016,Estudiante499,Hibrido499,est499@hibrido.com,$2y$10$abc123,light,1,2026-02-03 15:12:09,1784,3510,3,ISC,92.7,10,8,0,0,0,0,M,22,Soltero
3511,est500_151209087089,Estudiante500,Hibrido500,est500@hibrido.com,$2y$10$abc123,light,1,2026-02-03 15:12:09,1785,3511,3,IGE,85.6,2,7,3,0,1,0,F,20,Soltero
