id,usuario,nombre,apellido,email,nocontrol,fechan,sexo,estadoc,ciudad,carrera,promedio_anterior,semestre,materias,transporte,familiares,trabajo,beca
2012,alumno1_220323367251,Alumno1,Test1,alumno1_89893@test.com,20201000,2005-02-02,M,Soltero,Orizaba,IINF,84.8,10,5,2,1,0,0
2013,alumno2_220323382217,Alumno2,Test2,alumno2_45143@test.com,20201000,2008-02-02,F,Soltero,Orizaba,ISC,81.4,9,8,1,0,0,1
2014,alumno3_220323391946,Alumno3,Test3,alumno3_79612@test.com,20201000,1998-02-04,M,Soltero,Orizaba,ISC,87.8,7,4,3,0,0,1
2015,alumno4_220323394075,Alumno4,Test4,alumno4_13159@test.com,20201000,2005-02-02,M,Soltero,Orizaba,IGE,77.6,7,7,2,1,0,1
2016,alumno5_220323402485,Alumno5,Test5,alumno5_31590@test.com,20201000,2001-02-03,M,Soltero,Orizaba,IINF,86.7,1,6,1,1,1,0
2017,alumno6_220323409845,Alumno6,Test6,alumno6_56184@test.com,20201000,2002-02-03,M,Soltero,Orizaba,IINF,85.4,7,4,3,3,1,0
2018,alumno7_220323410849,Alumno7,Test7,alumno7_92461@test.com,20201000,2005-02-02,M,Soltero,Orizaba,ICD,70.7,6,7,3,0,0,0
2019,alumno8_220323410849,Alumno8,Test8,alumno8_20453@test.com,20201000,2008-02-02,M,Casado,Orizaba,IGE,77.7,5,5,2,3,0,0
2020,alumno9_220323411880,Alumno9,Test9,alumno9_27091@test.com,20201000,2000-02-04,F,Casado,Orizaba,ICD,90.5,1,6,2,1,0,0
2021,alumno10_220323412890,Alumno10,Test10,alumno10_62068@test.com,20201000,1999-02-04,M,Soltero,Orizaba,ICD,74.8,3,4,3,3,1,0
2022,alumno11_220323413918,Alumno11,Test11,alumno11_47017@test.com,20201001,1999-02-04,F,Soltero,Orizaba,IINF,91.6,1,6,1,3,0,0
2023,alumno12_220323414948,Alumno12,Test12,alumno12_13545@test.com,20201001,2001-02-03,F,Soltero,Orizaba,ISC,78.1,9,6,1,0,0,0
2024,alumno13_220323416004,Alumno13,Test13,alumno13_90681@test.com,20201001,2008-02-02,M,Soltero,Orizaba,IGE,76.8,8,5,1,3,1,1
2025,alumno14_220323418017,Alumno14,Test14,alumno14_16740@test.com,20201001,2007-02-02,F,Soltero,Orizaba,ISC,75.3,9,7,2,3,0,0
2026,alumno15_220323419034,Alumno15,Test15,alumno15_66300@test.com,20201001,2003-02-03,M,Soltero,Orizaba,ICD,77.6,8,4,3,3,1,0
2027,alumno16_220323420064,Alumno16,Test16,alumno16_95677@test.com,20201001,2006-02-02,M,Soltero,Orizaba,ICD,77.5,4,4,2,2,0,0
2028,alumno17_220323421066,Alumno17,Test17,alumno17_99585@test.com,20201001,2008-02-02,F,Casado,Orizaba,ICD,84.1,1,4,3,3,0,0
2029,alumno18_220323423067,Alumno18,Test18,alumno18_15195@test.com,20201001,1999-02-04,F,Soltero,Orizaba,ISC,71.6,1,5,0,0,0,0
2030,alumno19_220323425066,Alumno19,Test19,alumno19_56644@test.com,20201001,2002-02-03,F,Soltero,Orizaba,IINF,88.4,10,8,2,0,1,0
2031,alumno20_220323426520,Alumno20,Test20,alumno20_87152@test.com,20201001,2002-02-03,F,Soltero,Orizaba,IGE,87.9,1,7,0,1,0,1
2032,alumno21_220323428814,Alumno21,Test21,alumno21_78788@test.com,20201002,2008-02-02,F,Soltero,Orizaba,ISC,73.8,3,7,2,0,0,0
2033,alumno22_220323430815,Alumno22,Test22,alumno22_43518@test.com,20201002,2000-02-04,F,Soltero,Orizaba,ICD,71.0,7,5,0,3,1,0
2034,alumno23_220323432814,Alumno23,Test23,alumno23_45195@test.com,20201002,1999-02-04,F,Soltero,Orizaba,ICD,89.2,4,6,3,2,1,0
2035,alumno24_220323433815,Alumno24,Test24,alumno24_98194@test.com,20201002,2001-02-03,M,Casado,Orizaba,IINF,82.0,4,7,3,2,0,1
2036,alumno25_220323435815,Alumno25,Test25,alumno25_66846@test.com,20201002,1998-02-04,M,Soltero,Orizaba,ISC,91.0,2,6,1,1,0,0
2037,alumno26_220323437280,Alumno26,Test26,alumno26_51257@test.com,20201002,2007-02-02,M,Soltero,Orizaba,IGE,78.8,3,7,3,3,0,1
2038,alumno27_220323439727,Alumno27,Test27,alumno27_10712@test.com,20201002,2001-02-03,F,Soltero,Orizaba,IGE,81.0,3,7,2,2,1,0
2039,alumno28_220323441742,Alumno28,Test28,alumno28_46824@test.com,20201002,2001-02-03,M,Soltero,Orizaba,ISC,80.2,10,4,1,1,0,0
2040,alumno29_220323443754,Alumno29,Test29,alumno29_72875@test.com,20201002,2008-02-02,M,Casado,Orizaba,IGE,94.9,9,7,2,2,0,0
2041,alumno30_220323444760,Alumno30,Test30,alumno30_95235@test.com,20201002,2003-02-03,F,Soltero,Orizaba,IINF,92.7,9,6,3,2,0,0
2042,alumno31_220323445765,Alumno31,Test31,alumno31_12953@test.com,20201003,2001-02-03,M,Soltero,Orizaba,IINF,86.5,2,6,0,1,0,0
2043,alumno32_220323446777,Alumno32,Test32,alumno32_22695@test.com,20201003,2004-02-03,M,Soltero,Orizaba,IGE,80.2,4,6,0,3,1,1
2044,alumno33_220323447796,Alumno33,Test33,alumno33_81328@test.com,20201003,1999-02-04,F,Soltero,Orizaba,IGE,84.9,7,8,2,0,0,0
2045,alumno34_220323448822,Alumno34,Test34,alumno34_95857@test.com,20201003,2008-02-02,F,Soltero,Orizaba,IINF,86.3,10,4,2,1,0,0
2046,alumno35_220323449827,Alumno35,Test35,alumno35_22671@test.com,20201003,2000-02-04,M,Soltero,Orizaba,ISC,93.2,5,5,2,1,0,1
2047,alumno36_220323450833,Alumno36,Test36,alumno36_16616@test.com,20201003,2006-02-02,M,Soltero,Orizaba,ICD,77.9,1,6,1,0,0,0
2048,alumno37_220323451837,Alumno37,Test37,alumno37_74897@test.com,20201003,2003-02-03,F,Soltero,Orizaba,ISC,82.5,4,4,2,1,0,1
2049,alumno38_220323453888,Alumno38,Test38,alumno38_75032@test.com,20201003,2007-02-02,F,Soltero,Orizaba,ISC,91.9,8,6,1,3,0,0
2050,alumno39_220323455207,Alumno39,Test39,alumno39_75964@test.com,20201003,2006-02-02,F,Soltero,Orizaba,IGE,86.8,3,8,2,2,0,0
2051,alumno40_220323456270,Alumno40,Test40,alumno40_71567@test.com,20201003,1998-02-04,F,Soltero,Orizaba,ISC,85.3,5,5,0,2,0,0
2052,alumno41_220323458282,Alumno41,Test41,alumno41_56597@test.com,20201004,2006-02-02,M,Soltero,Orizaba,ISC,84.9,7,4,1,3,0,0
2053,alumno42_220323459304,Alumno42,Test42,alumno42_36612@test.com,20201004,2003-02-03,M,Soltero,Orizaba,IINF,85.2,4,4,0,1,0,0
2054,alumno43_220323460382,Alumno43,Test43,alumno43_60994@test.com,20201004,2005-02-02,M,Soltero,Orizaba,ICD,73.9,3,4,3,2,0,0
2055,alumno44_220323461479,Alumno44,Test44,alumno44_49914@test.com,20201004,2003-02-03,F,Soltero,Orizaba,ISC,79.2,9,4,0,0,0,0
2056,alumno45_220323462485,Alumno45,Test45,alumno45_28820@test.com,20201004,2005-02-02,F,Soltero,Orizaba,IINF,74.7,2,7,0,0,0,0
2057,alumno46_220323463503,Alumno46,Test46,alumno46_51374@test.com,20201004,2005-02-02,M,Soltero,Orizaba,ICD,80.0,9,7,1,2,1,0
2058,alumno47_220323464509,Alumno47,Test47,alumno47_98782@test.com,20201004,2003-02-03,F,Casado,Orizaba,IINF,80.1,2,8,3,0,1,0
2059,alumno48_220323465514,Alumno48,Test48,alumno48_60458@test.com,20201004,1998-02-04,M,Casado,Orizaba,IGE,75.3,7,8,3,3,1,0
2060,alumno49_220323466519,Alumno49,Test49,alumno49_62204@test.com,20201004,2007-02-02,M,Soltero,Orizaba,IINF,92.1,10,6,3,3,0,0
2061,alumno50_220323467524,Alumno50,Test50,alumno50_34812@test.com,20201004,1998-02-04,M,Soltero,Orizaba,ISC,85.2,2,6,0,0,0,0
2062,alumno51_220323468545,Alumno51,Test51,alumno51_49549@test.com,20201005,2000-02-04,M,Soltero,Orizaba,ISC,92.6,3,5,3,0,0,0
2063,alumno52_220323469568,Alumno52,Test52,alumno52_98461@test.com,20201005,2008-02-02,F,Soltero,Orizaba,IGE,71.1,8,8,3,0,0,0
2064,alumno53_220323471969,Alumno53,Test53,alumno53_90777@test.com,20201005,2001-02-03,F,Soltero,Orizaba,ISC,73.5,6,6,0,1,1,0
2065,alumno54_220323473991,Alumno54,Test54,alumno54_15880@test.com,20201005,2006-02-02,M,Soltero,Orizaba,ICD,74.4,7,7,1,2,0,0
2066,alumno55_220323475000,Alumno55,Test55,alumno55_73452@test.com,20201005,2006-02-02,F,Soltero,Orizaba,ISC,88.2,8,4,1,3,0,0
2067,alumno56_220323476004,Alumno56,Test56,alumno56_28191@test.com,20201005,2001-02-03,M,Soltero,Orizaba,IINF,91.7,5,7,1,3,0,0
2068,alumno57_220323477044,Alumno57,Test57,alumno57_94124@test.com,20201005,1998-02-04,F,Soltero,Orizaba,IINF,91.3,5,6,3,3,1,0
2069,alumno58_220323478062,Alumno58,Test58,alumno58_69115@test.com,20201005,2000-02-04,M,Soltero,Orizaba,ISC,70.7,3,7,1,2,1,1
2070,alumno59_220323479078,Alumno59,Test59,alumno59_25057@test.com,20201005,2008-02-02,M,Soltero,Orizaba,ICD,94.8,7,5,3,3,0,0
2071,alumno60_220323480110,Alumno60,Test60,alumno60_51559@test.com,20201005,2007-02-02,M,Casado,Orizaba,ISC,70.4,5,8,3,2,0,0
2072,alumno61_220323481126,Alumno61,Test61,alumno61_23468@test.com,20201006,2001-02-03,M,Casado,Orizaba,ICD,70.5,2,7,3,1,0,0
2073,alumno62_220323481126,Alumno62,Test62,alumno62_47748@test.com,20201006,2006-02-02,F,Soltero,Orizaba,ISC,76.4,10,5,0,1,0,0
2074,alumno63_220323482150,Alumno63,Test63,alumno63_84024@test.com,20201006,2004-02-03,F,Soltero,Orizaba,IGE,80.8,8,6,2,3,0,1
2075,alumno64_220323483193,Alumno64,Test64,alumno64_33610@test.com,20201006,2007-02-02,F,Soltero,Orizaba,ICD,73.4,5,6,2,1,1,0
2076,alumno65_220323484197,Alumno65,Test65,alumno65_56259@test.com,20201006,2007-02-02,F,Soltero,Orizaba,ICD,76.5,7,6,1,3,0,0
2077,alumno66_220323485239,Alumno66,Test66,alumno66_19010@test.com,20201006,2006-02-02,M,Casado,Orizaba,IGE,93.1,5,8,2,0,0,0
2078,alumno67_220323488334,Alumno67,Test67,alumno67_96643@test.com,20201006,2006-02-02,M,Casado,Orizaba,IGE,73.3,5,4,3,2,1,0
2079,alumno68_220323489342,Alumno68,Test68,alumno68_30140@test.com,20201006,1998-02-04,F,Soltero,Orizaba,ISC,88.2,10,4,2,0,0,0
2080,alumno69_220323490351,Alumno69,Test69,alumno69_53388@test.com,20201006,2002-02-03,F,Casado,Orizaba,IINF,94.0,2,6,3,3,0,0
2081,alumno70_220323492367,Alumno70,Test70,alumno70_72758@test.com,20201006,2006-02-02,M,Soltero,Orizaba,IINF,71.5,4,8,3,0,0,0
2082,alumno71_220323493539,Alumno71,Test71,alumno71_76263@test.com,20201007,2005-02-02,M,Casado,Orizaba,IGE,72.7,8,5,1,3,0,0
2083,alumno72_220323494557,Alumno72,Test72,alumno72_94457@test.com,20201007,2007-02-02,M,Soltero,Orizaba,ICD,72.1,2,8,3,0,0,0
2084,alumno73_220323495561,Alumno73,Test73,alumno73_87841@test.com,20201007,1999-02-04,M,Soltero,Orizaba,ISC,80.3,1,8,1,0,1,0
2085,alumno74_220323496570,Alumno74,Test74,alumno74_81106@test.com,20201007,2000-02-04,F,Soltero,Orizaba,IINF,72.1,8,7,3,2,0,0
2086,alumno75_220323497590,Alumno75,Test75,alumno75_91597@test.com,20201007,2005-02-02,F,Soltero,Orizaba,ICD,92.8,8,7,0,3,1,0
2087,alumno76_220323497590,Alumno76,Test76,alumno76_52821@test.com,20201007,2006-02-02,M,Soltero,Orizaba,ISC,92.1,10,5,1,3,0,0
2088,alumno77_220323499623,Alumno77,Test77,alumno77_27280@test.com,20201007,2002-02-03,M,Casado,Orizaba,ISC,86.2,7,4,0,1,1,0
2089,alumno78_220323500628,Alumno78,Test78,alumno78_62766@test.com,20201007,2008-02-02,F,Soltero,Orizaba,IGE,85.4,2,8,1,2,0,0
2090,alumno79_220323502848,Alumno79,Test79,alumno79_61963@test.com,20201007,2003-02-03,M,Casado,Orizaba,ISC,72.3,9,5,0,3,0,0
2091,alumno80_220323503854,Alumno80,Test80,alumno80_51960@test.com,20201007,2002-02-03,F,Soltero,Orizaba,IGE,88.9,10,6,2,2,0,0
2092,alumno81_220323505178,Alumno81,Test81,alumno81_83395@test.com,20201008,2001-02-03,F,Casado,Orizaba,IINF,75.3,4,8,3,3,1,0
2093,alumno82_220323507223,Alumno82,Test82,alumno82_94933@test.com,20201008,2004-02-03,F,Soltero,Orizaba,ISC,79.6,6,4,1,0,0,0
2094,alumno83_220323508229,Alumno83,Test83,alumno83_22377@test.com,20201008,2005-02-02,F,Casado,Orizaba,ISC,88.5,5,8,3,3,1,1
2095,alumno84_220323509248,Alumno84,Test84,alumno84_52633@test.com,20201008,2001-02-03,F,Soltero,Orizaba,ICD,73.7,10,8,2,0,1,0
2096,alumno85_220323509248,Alumno85,Test85,alumno85_24198@test.com,20201008,2000-02-04,F,Soltero,Orizaba,IGE,86.8,5,5,2,3,1,0
2097,alumno86_220323510279,Alumno86,Test86,alumno86_90597@test.com,20201008,2007-02-02,F,Soltero,Orizaba,ISC,86.4,6,7,1,0,0,0
2098,alumno87_220323511284,Alumno87,Test87,alumno87_31045@test.com,20201008,2001-02-03,M,Soltero,Orizaba,ICD,87.4,5,6,3,3,0,1
2099,alumno88_220323512288,Alumno88,Test88,alumno88_62526@test.com,20201008,2008-02-02,F,Soltero,Orizaba,ISC,93.3,2,7,0,2,0,1
2100,alumno89_220323513316,Alumno89,Test89,alumno89_55419@test.com,20201008,2007-02-02,F,Soltero,Orizaba,IGE,93.0,2,4,0,1,1,1
2101,alumno90_220323514322,Alumno90,Test90,alumno90_38300@test.com,20201008,2006-02-02,M,Soltero,Orizaba,ISC,79.2,9,7,0,3,1,0
2102,alumno91_220323515326,Alumno91,Test91,alumno91_36467@test.com,20201009,1998-02-04,F,Casado,Orizaba,ICD,82.9,10,7,1,3,0,0
2103,alumno92_220323516354,Alumno92,Test92,alumno92_28004@test.com,20201009,2000-02-04,M,Casado,Orizaba,IGE,84.3,8,5,2,2,0,0
2104,alumno93_220323517355,Alumno93,Test93,alumno93_74724@test.com,20201009,1998-02-04,F,Soltero,Orizaba,ICD,79.9,10,8,3,2,0,0
2105,alumno94_220323519822,Alumno94,Test94,alumno94_85864@test.com,20201009,2005-02-02,M,Soltero,Orizaba,IINF,83.7,2,6,1,1,0,1
2106,alumno95_220323520871,Alumno95,Test95,alumno95_67191@test.com,20201009,2000-02-04,F,Soltero,Orizaba,IINF,86.1,9,8,0,1,0,1
2107,alumno96_220323522984,Alumno96,Test96,alumno96_16743@test.com,20201009,2007-02-02,F,Soltero,Orizaba,ICD,72.1,2,7,0,0,0,0
2108,alumno97_220323524020,Alumno97,Test97,alumno97_43604@test.com,20201009,2003-02-03,M,Soltero,Orizaba,ISC,82.8,3,4,1,0,0,0
2109,alumno98_220323525247,Alumno98,Test98,alumno98_39368@test.com,20201009,2005-02-02,M,Casado,Orizaba,IGE,83.8,5,8,0,3,0,0
2110,alumno99_220323527312,Alumno99,Test99,alumno99_14406@test.com,20201009,1999-02-04,M,Soltero,Orizaba,ISC,83.8,10,7,1,0,0,0
2111,alumno100_220323528317,Alumno100,Test100,alumno100_15832@test.com,20201009,2002-02-03,M,Soltero,Orizaba,IGE,86.0,2,7,0,1,1,0
2112,alumno101_220323529349,Alumno101,Test101,alumno101_95135@test.com,20211010,2005-02-02,F,Casado,Orizaba,IGE,84.3,10,6,1,3,1,1
2113,alumno102_220323530458,Alumno102,Test102,alumno102_73155@test.com,20211010,2007-02-02,M,Soltero,Orizaba,ICD,81.2,2,6,1,2,1,0
2114,alumno103_220323531464,Alumno103,Test103,alumno103_11457@test.com,20211010,1999-02-04,F,Casado,Orizaba,IGE,78.6,5,8,2,3,1,0
2115,alumno104_220323533592,Alumno104,Test104,alumno104_36626@test.com,20211010,2005-02-02,F,Soltero,Orizaba,IINF,86.0,6,5,0,0,1,0
2116,alumno105_220323533592,Alumno105,Test105,alumno105_65358@test.com,20211010,2006-02-02,F,Soltero,Orizaba,ICD,94.9,5,4,0,0,0,1
2117,alumno106_220323534591,Alumno106,Test106,alumno106_66841@test.com,20211010,1998-02-04,M,Soltero,Orizaba,ICD,71.3,9,7,3,3,1,0
2118,alumno107_220323536592,Alumno107,Test107,alumno107_52336@test.com,20211010,2008-02-02,F,Soltero,Orizaba,IINF,94.6,9,5,2,3,0,0
2119,alumno108_220323537593,Alumno108,Test108,alumno108_68850@test.com,20211010,2005-02-02,M,Soltero,Orizaba,IGE,83.9,9,7,1,2,0,0
2120,alumno109_220323538594,Alumno109,Test109,alumno109_77014@test.com,20211010,2005-02-02,M,Soltero,Orizaba,IGE,92.3,6,5,1,1,0,0
2121,alumno110_220323539593,Alumno110,Test110,alumno110_32282@test.com,20211010,1998-02-04,M,Casado,Orizaba,ISC,76.6,5,7,0,2,1,0
2122,alumno111_220323539593,Alumno111,Test111,alumno111_43322@test.com,20211011,2005-02-02,M,Soltero,Orizaba,ISC,70.2,3,7,2,0,0,0
2123,alumno112_220323541002,Alumno112,Test112,alumno112_50967@test.com,20211011,2001-02-03,M,Soltero,Orizaba,ICD,87.8,9,4,2,3,1,0
2124,alumno113_220323542039,Alumno113,Test113,alumno113_52333@test.com,20211011,2003-02-03,M,Casado,Orizaba,IGE,81.2,1,5,2,2,0,0
2125,alumno114_220323543097,Alumno114,Test114,alumno114_74827@test.com,20211011,2007-02-02,M,Casado,Orizaba,IGE,86.9,8,6,1,3,1,0
2126,alumno115_220323545175,Alumno115,Test115,alumno115_10810@test.com,20211011,1999-02-04,F,Soltero,Orizaba,IGE,81.2,9,4,2,1,1,0
2127,alumno116_220323546223,Alumno116,Test116,alumno116_61892@test.com,20211011,2007-02-02,F,Soltero,Orizaba,ICD,70.8,8,8,3,0,0,0
2128,alumno117_220323548516,Alumno117,Test117,alumno117_26476@test.com,20211011,2007-02-02,F,Soltero,Orizaba,ICD,75.1,10,5,3,2,0,1
2129,alumno118_220323550514,Alumno118,Test118,alumno118_25339@test.com,20211011,2003-02-03,M,Soltero,Orizaba,IINF,73.7,3,4,1,0,0,0
2130,alumno119_220323552519,Alumno119,Test119,alumno119_29288@test.com,20211011,1998-02-04,F,Soltero,Orizaba,ISC,70.8,8,8,3,3,0,0
2131,alumno120_220323553517,Alumno120,Test120,alumno120_31374@test.com,20211011,1998-02-04,F,Soltero,Orizaba,ISC,78.6,1,4,3,2,1,0
2132,alumno121_220323556954,Alumno121,Test121,alumno121_73804@test.com,20211012,2002-02-03,M,Soltero,Orizaba,ISC,70.6,5,6,2,1,1,0
2133,alumno122_220323559241,Alumno122,Test122,alumno122_14331@test.com,20211012,1999-02-04,M,Soltero,Orizaba,IINF,72.6,5,6,0,0,0,0
2134,alumno123_220323561588,Alumno123,Test123,alumno123_88967@test.com,20211012,2006-02-02,M,Soltero,Orizaba,IINF,87.6,9,5,2,2,1,0
2135,alumno124_220323562798,Alumno124,Test124,alumno124_67980@test.com,20211012,2008-02-02,F,Soltero,Orizaba,ISC,72.7,9,8,2,0,0,0
2136,alumno125_220323564891,Alumno125,Test125,alumno125_55109@test.com,20211012,2005-02-02,M,Soltero,Orizaba,ISC,70.5,4,7,1,0,1,0
2137,alumno126_220323565891,Alumno126,Test126,alumno126_40216@test.com,20211012,2003-02-03,F,Soltero,Orizaba,IINF,72.5,1,8,1,3,0,0
2138,alumno127_220323566891,Alumno127,Test127,alumno127_75203@test.com,20211012,2004-02-03,M,Soltero,Orizaba,ICD,92.3,3,8,3,0,1,0
2139,alumno128_220323568892,Alumno128,Test128,alumno128_77408@test.com,20211012,2007-02-02,M,Casado,Orizaba,IINF,94.7,7,8,0,2,1,0
2140,alumno129_220323569891,Alumno129,Test129,alumno129_53094@test.com,20211012,1999-02-04,F,Casado,Orizaba,ISC,91.8,10,8,0,3,0,0
2141,alumno130_220323571117,Alumno130,Test130,alumno130_40109@test.com,20211012,2005-02-02,F,Soltero,Orizaba,IGE,90.2,10,5,0,0,1,1
2142,alumno131_220323573116,Alumno131,Test131,alumno131_87396@test.com,20211013,2002-02-03,M,Soltero,Orizaba,ISC,84.1,6,5,1,3,1,0
2143,alumno132_220323574249,Alumno132,Test132,alumno132_49264@test.com,20211013,2007-02-02,M,Soltero,Orizaba,ISC,88.7,10,6,3,2,1,0
2144,alumno133_220323575257,Alumno133,Test133,alumno133_46681@test.com,20211013,1999-02-04,M,Soltero,Orizaba,IINF,77.9,3,5,0,0,0,1
2145,alumno134_220323577289,Alumno134,Test134,alumno134_77555@test.com,20211013,2002-02-03,M,Soltero,Orizaba,IINF,74.5,8,5,3,0,0,0
2146,alumno135_220323578288,Alumno135,Test135,alumno135_97778@test.com,20211013,2005-02-02,M,Soltero,Orizaba,IINF,92.3,1,6,1,1,0,1
2147,alumno136_220323579290,Alumno136,Test136,alumno136_14345@test.com,20211013,2005-02-02,M,Soltero,Orizaba,IGE,82.6,8,4,0,1,0,0
2148,alumno137_220323581289,Alumno137,Test137,alumno137_32712@test.com,20211013,2003-02-03,F,Soltero,Orizaba,IGE,84.8,5,4,0,2,1,0
2149,alumno138_220323582292,Alumno138,Test138,alumno138_61226@test.com,20211013,2002-02-03,F,Soltero,Orizaba,IINF,88.2,10,8,2,3,0,0
2150,alumno139_220323582292,Alumno139,Test139,alumno139_11064@test.com,20211013,2004-02-03,F,Soltero,Orizaba,IGE,73.4,10,8,2,0,0,0
2151,alumno140_220323583644,Alumno140,Test140,alumno140_31328@test.com,20211013,2006-02-02,F,Soltero,Orizaba,ICD,79.2,4,7,2,3,0,1
2152,alumno141_220323584831,Alumno141,Test141,alumno141_30287@test.com,20211014,2004-02-03,M,Soltero,Orizaba,IGE,79.7,9,6,2,3,0,0
2153,alumno142_220323586845,Alumno142,Test142,alumno142_41962@test.com,20211014,2006-02-02,F,Soltero,Orizaba,ISC,87.6,4,6,1,1,0,1
2154,alumno143_220323587843,Alumno143,Test143,alumno143_81086@test.com,20211014,1999-02-04,M,Soltero,Orizaba,ICD,92.3,7,5,3,0,0,0
2155,alumno144_220323588844,Alumno144,Test144,alumno144_78226@test.com,20211014,1999-02-04,M,Casado,Orizaba,ISC,71.2,10,6,3,2,0,0
2156,alumno145_220323591303,Alumno145,Test145,alumno145_52792@test.com,20211014,2001-02-03,F,Soltero,Orizaba,IGE,85.0,10,6,0,2,0,1
2157,alumno146_220323592303,Alumno146,Test146,alumno146_76321@test.com,20211014,2001-02-03,F,Soltero,Orizaba,IGE,90.6,9,4,2,2,0,0
2158,alumno147_220323594305,Alumno147,Test147,alumno147_17212@test.com,20211014,2000-02-04,F,Casado,Orizaba,ICD,75.1,4,4,2,3,1,0
2159,alumno148_220323596643,Alumno148,Test148,alumno148_32616@test.com,20211014,2007-02-02,M,Casado,Orizaba,IINF,94.0,1,6,2,1,0,0
2160,alumno149_220323599756,Alumno149,Test149,alumno149_96045@test.com,20211014,2000-02-04,M,Casado,Orizaba,IINF,70.3,1,4,0,0,0,0
2161,alumno150_220323600765,Alumno150,Test150,alumno150_31717@test.com,20211014,2000-02-04,F,Soltero,Orizaba,IGE,94.2,10,7,0,1,1,0
2162,alumno151_220323601771,Alumno151,Test151,alumno151_63218@test.com,20211015,2005-02-02,M,Casado,Orizaba,IGE,83.7,3,5,3,3,1,0
2163,alumno152_220323603789,Alumno152,Test152,alumno152_33727@test.com,20211015,1998-02-04,M,Soltero,Orizaba,IINF,84.0,2,4,3,0,1,1
2164,alumno153_220323604796,Alumno153,Test153,alumno153_18881@test.com,20211015,2002-02-03,M,Soltero,Orizaba,IINF,80.8,2,5,1,1,0,0
2165,alumno154_220323606851,Alumno154,Test154,alumno154_94166@test.com,20211015,2005-02-02,F,Soltero,Orizaba,IGE,92.6,1,4,0,3,0,0
2166,alumno155_220323607942,Alumno155,Test155,alumno155_11104@test.com,20211015,2001-02-03,M,Casado,Orizaba,IGE,71.4,7,6,1,1,0,0
2167,alumno156_220323608946,Alumno156,Test156,alumno156_51852@test.com,20211015,2008-02-02,F,Soltero,Orizaba,IGE,90.3,3,4,3,1,0,0
2168,alumno157_220323610041,Alumno157,Test157,alumno157_47594@test.com,20211015,2004-02-03,F,Soltero,Orizaba,ISC,71.3,4,8,0,2,0,0
2169,alumno158_220323611079,Alumno158,Test158,alumno158_49577@test.com,20211015,1998-02-04,F,Soltero,Orizaba,IGE,87.9,4,5,3,1,1,1
2170,alumno159_220323612079,Alumno159,Test159,alumno159_59623@test.com,20211015,2005-02-02,M,Casado,Orizaba,ISC,92.4,4,5,2,2,0,0
2171,alumno160_220323613078,Alumno160,Test160,alumno160_16064@test.com,20211015,2002-02-03,M,Soltero,Orizaba,ISC,79.0,3,8,1,2,0,1
2172,alumno161_220323615079,Alumno161,Test161,alumno161_67765@test.com,20211016,2006-02-02,F,Soltero,Orizaba,IINF,92.6,10,4,3,2,1,0
2173,alumno162_220323616080,Alumno162,Test162,alumno162_95933@test.com,20211016,2000-02-04,M,Soltero,Orizaba,IINF,94.2,8,8,0,0,1,0
2174,alumno163_220323617081,Alumno163,Test163,alumno163_98436@test.com,20211016,1999-02-04,M,Soltero,Orizaba,ICD,79.8,4,7,2,0,0,0
2175,alumno164_220323618082,Alumno164,Test164,alumno164_63716@test.com,20211016,2004-02-03,M,Casado,Orizaba,ISC,74.7,2,8,1,2,0,1
2176,alumno165_220323620081,Alumno165,Test165,alumno165_21043@test.com,20211016,2004-02-03,F,Soltero,Orizaba,IGE,79.6,1,6,1,3,0,1
2177,alumno166_220323622083,Alumno166,Test166,alumno166_24870@test.com,20211016,2008-02-02,F,Soltero,Orizaba,ISC,77.6,5,8,0,0,1,0
2178,alumno167_220323628418,Alumno167,Test167,alumno167_55120@test.com,20211016,2008-02-02,M,Soltero,Orizaba,IINF,82.5,2,7,1,3,0,0
2179,alumno168_220323631418,Alumno168,Test168,alumno168_24079@test.com,20211016,2000-02-04,F,Soltero,Orizaba,ICD,71.6,6,5,1,2,0,0
2180,alumno169_220323633419,Alumno169,Test169,alumno169_48763@test.com,20211016,2007-02-02,M,Soltero,Orizaba,ICD,78.5,9,8,2,0,0,0
2181,alumno170_220323634419,Alumno170,Test170,alumno170_60254@test.com,20211016,2005-02-02,F,Soltero,Orizaba,ISC,79.4,9,5,3,3,0,0
2182,alumno171_220323636420,Alumno171,Test171,alumno171_79544@test.com,20211017,2004-02-03,M,Soltero,Orizaba,ISC,77.9,8,4,3,1,0,1
2183,alumno172_220323638420,Alumno172,Test172,alumno172_95559@test.com,20211017,2005-02-02,F,Casado,Orizaba,IINF,80.6,3,6,1,2,0,0
2184,alumno173_220323647657,Alumno173,Test173,alumno173_96024@test.com,20211017,2008-02-02,F,Soltero,Orizaba,ICD,80.3,10,7,1,1,1,0
2185,alumno174_220323649748,Alumno174,Test174,alumno174_95749@test.com,20211017,2003-02-03,M,Soltero,Orizaba,ICD,89.0,8,4,2,3,0,0
2186,alumno175_220323650754,Alumno175,Test175,alumno175_22072@test.com,20211017,2008-02-02,F,Soltero,Orizaba,ISC,71.0,2,4,2,0,0,1
2187,alumno176_220323652801,Alumno176,Test176,alumno176_33594@test.com,20211017,2003-02-03,F,Soltero,Orizaba,IINF,94.6,8,7,3,0,0,1
2188,alumno177_220323654857,Alumno177,Test177,alumno177_74741@test.com,20211017,2006-02-02,F,Soltero,Orizaba,ISC,91.1,8,5,0,3,1,0
2189,alumno178_220323656347,Alumno178,Test178,alumno178_67198@test.com,20211017,2006-02-02,M,Soltero,Orizaba,IINF,89.6,5,7,1,1,0,1
2190,alumno179_220323658349,Alumno179,Test179,alumno179_89211@test.com,20211017,2001-02-03,M,Soltero,Orizaba,IGE,83.0,6,7,3,3,0,1
2191,alumno180_220323659829,Alumno180,Test180,alumno180_53432@test.com,20211017,2006-02-02,F,Soltero,Orizaba,ICD,91.7,8,5,1,1,0,1
2192,alumno181_220323660864,Alumno181,Test181,alumno181_27276@test.com,20211018,1998-02-04,M,Soltero,Orizaba,ICD,82.7,5,7,0,2,1,0
2193,alumno182_220323662877,Alumno182,Test182,alumno182_92090@test.com,20211018,2007-02-02,F,Soltero,Orizaba,ICD,74.2,1,7,1,0,1,0
2194,alumno183_220323663932,Alumno183,Test183,alumno183_33534@test.com,20211018,2007-02-02,M,Casado,Orizaba,ISC,80.4,7,8,1,2,1,0
2195,alumno184_220323664979,Alumno184,Test184,alumno184_22731@test.com,20211018,2006-02-02,M,Soltero,Orizaba,ISC,78.3,7,5,3,2,1,1
2196,alumno185_220323667059,Alumno185,Test185,alumno185_94130@test.com,20211018,1998-02-04,F,Soltero,Orizaba,ICD,85.8,5,4,0,3,1,0
2197,alumno186_220323668125,Alumno186,Test186,alumno186_27511@test.com,20211018,1998-02-04,M,Casado,Orizaba,ICD,72.9,3,4,2,2,0,0
2198,alumno187_220323671148,Alumno187,Test187,alumno187_32571@test.com,20211018,1999-02-04,M,Soltero,Orizaba,ISC,84.1,2,8,1,2,0,0
2199,alumno188_220323672148,Alumno188,Test188,alumno188_56222@test.com,20211018,2001-02-03,F,Soltero,Orizaba,IGE,89.2,1,6,3,0,0,0
2200,alumno189_220323674197,Alumno189,Test189,alumno189_98667@test.com,20211018,2008-02-02,M,Soltero,Orizaba,IINF,70.5,4,4,0,1,0,0
2201,alumno190_220323675200,Alumno190,Test190,alumno190_97492@test.com,20211018,2006-02-02,M,Soltero,Orizaba,ICD,85.2,7,8,0,3,0,0
2202,alumno191_220323676194,Alumno191,Test191,alumno191_87857@test.com,20211019,2001-02-03,F,Soltero,Orizaba,ICD,93.7,4,5,0,1,1,0
2203,alumno192_220323677194,Alumno192,Test192,alumno192_19402@test.com,20211019,2003-02-03,F,Casado,Orizaba,IINF,72.3,2,7,0,3,0,0
2204,alumno193_220323678192,Alumno193,Test193,alumno193_45808@test.com,20211019,1999-02-04,M,Soltero,Orizaba,IINF,91.5,7,7,1,2,0,0
2205,alumno194_220323679197,Alumno194,Test194,alumno194_39240@test.com,20211019,1998-02-04,F,Casado,Orizaba,ICD,77.4,8,4,3,1,0,0
2206,alumno195_220323683708,Alumno195,Test195,alumno195_46268@test.com,20211019,2008-02-02,M,Soltero,Orizaba,IGE,73.7,4,5,3,1,0,0
2207,alumno196_220323684714,Alumno196,Test196,alumno196_49074@test.com,20211019,1998-02-04,F,Soltero,Orizaba,ICD,94.6,5,5,2,3,0,0
2208,alumno197_220323685762,Alumno197,Test197,alumno197_56648@test.com,20211019,2001-02-03,F,Soltero,Orizaba,IGE,84.3,8,7,2,2,0,1
2209,alumno198_220323686765,Alumno198,Test198,alumno198_65196@test.com,20211019,1998-02-04,M,Soltero,Orizaba,IGE,73.2,8,6,1,1,0,1
2210,alumno199_220323688989,Alumno199,Test199,alumno199_90391@test.com,20211019,1998-02-04,M,Casado,Orizaba,IINF,78.1,4,6,2,0,0,0
2211,alumno200_220323690046,Alumno200,Test200,alumno200_85888@test.com,20211019,1999-02-04,F,Soltero,Orizaba,ICD,78.3,9,8,3,3,0,0
2212,alumno201_220323691074,Alumno201,Test201,alumno201_15057@test.com,20221020,2007-02-02,F,Soltero,Orizaba,ISC,89.1,2,7,1,2,0,0
2213,alumno202_220323692078,Alumno202,Test202,alumno202_67194@test.com,20221020,2000-02-04,M,Soltero,Orizaba,IGE,93.2,7,4,2,2,1,0
2214,alumno203_220323693109,Alumno203,Test203,alumno203_74929@test.com,20221020,1998-02-04,F,Soltero,Orizaba,ISC,86.5,3,7,3,1,1,0
2215,alumno204_220323694113,Alumno204,Test204,alumno204_71324@test.com,20221020,1998-02-04,M,Soltero,Orizaba,ICD,74.4,3,8,2,0,0,0
2216,alumno205_220323695127,Alumno205,Test205,alumno205_96862@test.com,20221020,2005-02-02,M,Soltero,Orizaba,ICD,81.5,10,7,0,0,0,0
2217,alumno206_220323695127,Alumno206,Test206,alumno206_48270@test.com,20221020,2003-02-03,F,Soltero,Orizaba,IINF,89.0,9,4,0,3,0,0
2218,alumno207_220323696146,Alumno207,Test207,alumno207_38296@test.com,20221020,2004-02-03,F,Soltero,Orizaba,IGE,92.4,8,6,1,0,0,0
2219,alumno208_220323697192,Alumno208,Test208,alumno208_79015@test.com,20221020,2008-02-02,M,Soltero,Orizaba,IGE,82.7,8,8,3,1,1,0
2220,alumno209_220323698196,Alumno209,Test209,alumno209_42857@test.com,20221020,2008-02-02,M,Soltero,Orizaba,IINF,85.3,4,4,2,2,0,0
2221,alumno210_220323699242,Alumno210,Test210,alumno210_59196@test.com,20221020,2004-02-03,M,Soltero,Orizaba,IINF,81.5,7,4,2,3,0,0
2222,alumno211_220323700274,Alumno211,Test211,alumno211_27908@test.com,20221021,2000-02-04,F,Soltero,Orizaba,ICD,76.1,2,8,0,0,0,0
2223,alumno212_220323701292,Alumno212,Test212,alumno212_86750@test.com,20221021,2006-02-02,M,Soltero,Orizaba,IGE,80.4,5,4,2,0,0,0
2224,alumno213_220323701292,Alumno213,Test213,alumno213_99567@test.com,20221021,2001-02-03,M,Soltero,Orizaba,ISC,76.8,8,6,0,3,0,1
2225,alumno214_220323702305,Alumno214,Test214,alumno214_33253@test.com,20221021,1999-02-04,F,Soltero,Orizaba,IGE,82.4,10,5,1,3,0,1
2226,alumno215_220323703308,Alumno215,Test215,alumno215_74877@test.com,20221021,2005-02-02,F,Soltero,Orizaba,ISC,88.4,6,7,2,1,0,0
2227,alumno216_220323705506,Alumno216,Test216,alumno216_11025@test.com,20221021,2000-02-04,F,Soltero,Orizaba,ISC,85.1,7,6,3,0,0,0
2228,alumno217_220323706507,Alumno217,Test217,alumno217_59156@test.com,20221021,2007-02-02,M,Soltero,Orizaba,IINF,72.1,6,7,0,1,1,0
2229,alumno218_220323707505,Alumno218,Test218,alumno218_24798@test.com,20221021,2004-02-03,M,Soltero,Orizaba,ISC,74.1,9,6,2,2,1,0
2230,alumno219_220323707505,Alumno219,Test219,alumno219_85781@test.com,20221021,1998-02-04,F,Soltero,Orizaba,IINF,86.0,7,8,2,0,1,0
2231,alumno220_220323710069,Alumno220,Test220,alumno220_32243@test.com,20221021,2008-02-02,M,Casado,Orizaba,IINF,92.8,6,6,1,3,0,1
2232,alumno221_220323710069,Alumno221,Test221,alumno221_91768@test.com,20221022,1998-02-04,M,Soltero,Orizaba,IGE,79.6,7,7,3,1,0,0
2233,alumno222_220323711151,Alumno222,Test222,alumno222_49510@test.com,20221022,2007-02-02,M,Casado,Orizaba,IINF,94.0,1,5,2,1,1,0
2234,alumno223_220323712198,Alumno223,Test223,alumno223_80384@test.com,20221022,2003-02-03,F,Soltero,Orizaba,ISC,93.1,6,6,0,0,0,0
2235,alumno224_220323713219,Alumno224,Test224,alumno224_79328@test.com,20221022,2006-02-02,F,Casado,Orizaba,IGE,78.4,5,7,1,2,0,0
2236,alumno225_220323714223,Alumno225,Test225,alumno225_87492@test.com,20221022,2002-02-03,F,Soltero,Orizaba,ICD,77.1,8,5,0,3,1,1
2237,alumno226_220323715228,Alumno226,Test226,alumno226_70843@test.com,20221022,2002-02-03,F,Soltero,Orizaba,ISC,83.7,5,5,1,3,1,1
2238,alumno227_220323716232,Alumno227,Test227,alumno227_32221@test.com,20221022,2002-02-03,M,Soltero,Orizaba,ISC,72.7,5,4,2,0,1,0
2239,alumno228_220323717236,Alumno228,Test228,alumno228_95970@test.com,20221022,2003-02-03,F,Soltero,Orizaba,ISC,92.3,9,5,3,0,1,1
2240,alumno229_220323718254,Alumno229,Test229,alumno229_66381@test.com,20221022,2001-02-03,F,Casado,Orizaba,IGE,94.5,1,6,3,0,0,0
2241,alumno230_220323719297,Alumno230,Test230,alumno230_82779@test.com,20221022,2006-02-02,M,Soltero,Orizaba,ISC,88.8,8,8,0,0,0,1
2242,alumno231_220323720324,Alumno231,Test231,alumno231_29569@test.com,20221023,2007-02-02,M,Soltero,Orizaba,IINF,82.1,4,7,2,3,1,0
2243,alumno232_220323721458,Alumno232,Test232,alumno232_70310@test.com,20221023,2008-02-02,M,Soltero,Orizaba,ISC,79.4,3,7,2,0,1,0
2244,alumno233_220323722483,Alumno233,Test233,alumno233_56955@test.com,20221023,2008-02-02,F,Soltero,Orizaba,ISC,87.9,8,6,3,0,0,1
2245,alumno234_220323723489,Alumno234,Test234,alumno234_23273@test.com,20221023,2006-02-02,M,Soltero,Orizaba,IINF,92.9,7,7,1,0,1,1
2246,alumno235_220323724519,Alumno235,Test235,alumno235_71425@test.com,20221023,2007-02-02,M,Soltero,Orizaba,ICD,84.2,4,6,0,3,0,0
2247,alumno236_220323724519,Alumno236,Test236,alumno236_89685@test.com,20221023,2001-02-03,M,Soltero,Orizaba,ISC,70.1,4,7,1,0,0,0
2248,alumno237_220323727607,Alumno237,Test237,alumno237_76299@test.com,20221023,2007-02-02,M,Soltero,Orizaba,IINF,84.1,4,8,0,0,0,0
2249,alumno238_220323728634,Alumno238,Test238,alumno238_26531@test.com,20221023,2002-02-03,F,Casado,Orizaba,IGE,71.5,5,7,1,0,0,0
2250,alumno239_220323729701,Alumno239,Test239,alumno239_66490@test.com,20221023,2006-02-02,M,Soltero,Orizaba,IINF,88.1,1,7,3,0,0,0
2251,alumno240_220323729701,Alumno240,Test240,alumno240_17351@test.com,20221023,2007-02-02,F,Casado,Orizaba,IINF,93.7,7,8,2,1,1,0
2252,alumno241_220323731729,Alumno241,Test241,alumno241_12287@test.com,20221024,2000-02-04,F,Casado,Orizaba,ICD,92.6,4,6,1,2,0,0
2253,alumno242_220323732743,Alumno242,Test242,alumno242_29567@test.com,20221024,2003-02-03,M,Soltero,Orizaba,IGE,92.6,10,6,1,0,0,0
2254,alumno243_220323732743,Alumno243,Test243,alumno243_39430@test.com,20221024,2008-02-02,M,Soltero,Orizaba,IGE,93.6,6,7,2,0,0,1
2255,alumno244_220323733809,Alumno244,Test244,alumno244_48838@test.com,20221024,2000-02-04,M,Casado,Orizaba,ICD,83.7,4,4,3,0,1,0
2256,alumno245_220323734868,Alumno245,Test245,alumno245_14107@test.com,20221024,2007-02-02,M,Soltero,Orizaba,ICD,76.0,2,5,2,2,0,0
2257,alumno246_220323737263,Alumno246,Test246,alumno246_30224@test.com,20221024,2001-02-03,M,Soltero,Orizaba,IINF,86.5,6,7,0,1,0,0
2258,alumno247_220323738265,Alumno247,Test247,alumno247_35079@test.com,20221024,2002-02-03,F,Soltero,Orizaba,ISC,89.0,1,7,3,2,0,0
2259,alumno248_220323739330,Alumno248,Test248,alumno248_92015@test.com,20221024,2006-02-02,F,Casado,Orizaba,ICD,75.9,1,4,1,0,0,0
2260,alumno249_220323740379,Alumno249,Test249,alumno249_95304@test.com,20221024,2000-02-04,M,Soltero,Orizaba,IGE,84.7,1,5,2,2,0,0
2261,alumno250_220323744378,Alumno250,Test250,alumno250_21660@test.com,20221024,2002-02-03,F,Soltero,Orizaba,IGE,77.8,10,7,1,3,0,0
2262,alumno251_220323746585,Alumno251,Test251,alumno251_86195@test.com,20221025,2008-02-02,F,Casado,Orizaba,ISC,86.9,4,8,0,3,0,0
2263,alumno252_220323746585,Alumno252,Test252,alumno252_94210@test.com,20221025,2007-02-02,M,Soltero,Orizaba,ISC,79.2,5,4,1,2,0,1
2264,alumno253_220323749113,Alumno253,Test253,alumno253_35549@test.com,20221025,2001-02-03,M,Casado,Orizaba,IGE,71.0,10,8,1,3,0,0
2265,alumno254_220323750131,Alumno254,Test254,alumno254_57820@test.com,20221025,2008-02-02,F,Soltero,Orizaba,ICD,77.7,10,4,3,1,0,0
2266,alumno255_220323750131,Alumno255,Test255,alumno255_82127@test.com,20221025,2006-02-02,F,Soltero,Orizaba,ISC,76.5,5,4,2,0,1,1
2267,alumno256_220323752166,Alumno256,Test256,alumno256_17138@test.com,20221025,2008-02-02,F,Soltero,Orizaba,IINF,84.8,5,4,2,0,0,0
2268,alumno257_220323753171,Alumno257,Test257,alumno257_50285@test.com,20221025,1998-02-04,M,Soltero,Orizaba,IGE,88.3,7,6,1,0,1,0
2269,alumno258_220323755205,Alumno258,Test258,alumno258_10194@test.com,20221025,2007-02-02,F,Soltero,Orizaba,ICD,94.8,5,6,0,0,0,0
2270,alumno259_220323758236,Alumno259,Test259,alumno259_81086@test.com,20221025,1998-02-04,M,Soltero,Orizaba,IINF,89.8,9,5,1,0,0,0
2271,alumno260_220323759239,Alumno260,Test260,alumno260_53043@test.com,20221025,1998-02-04,F,Casado,Orizaba,ICD,75.7,4,6,1,0,1,0
2272,alumno261_220323760243,Alumno261,Test261,alumno261_27205@test.com,20221026,2006-02-02,F,Soltero,Orizaba,ISC,87.8,8,4,0,1,0,1
2273,alumno262_220323761282,Alumno262,Test262,alumno262_38382@test.com,20221026,2008-02-02,F,Casado,Orizaba,IINF,92.2,9,8,2,0,0,0
2274,alumno263_220323762294,Alumno263,Test263,alumno263_47475@test.com,20221026,2007-02-02,F,Casado,Orizaba,ICD,90.5,8,8,3,2,1,0
2275,alumno264_220323763298,Alumno264,Test264,alumno264_89058@test.com,20221026,2003-02-03,F,Soltero,Orizaba,IINF,91.7,6,8,2,3,1,0
2276,alumno265_220323764313,Alumno265,Test265,alumno265_46471@test.com,20221026,2005-02-02,F,Soltero,Orizaba,ICD,70.1,3,7,0,1,0,0
2277,alumno266_220323765327,Alumno266,Test266,alumno266_19376@test.com,20221026,1999-02-04,M,Casado,Orizaba,IGE,87.7,6,5,1,2,0,0
2278,alumno267_220323766331,Alumno267,Test267,alumno267_82843@test.com,20221026,2001-02-03,F,Soltero,Orizaba,ISC,72.1,8,5,2,2,1,0
2279,alumno268_220323767367,Alumno268,Test268,alumno268_27907@test.com,20221026,1998-02-04,F,Soltero,Orizaba,ISC,93.9,4,8,0,2,0,1
2280,alumno269_220323768371,Alumno269,Test269,alumno269_30276@test.com,20221026,2007-02-02,M,Soltero,Orizaba,ISC,84.1,6,5,1,1,1,1
2281,alumno270_220323769375,Alumno270,Test270,alumno270_41188@test.com,20221026,1998-02-04,M,Soltero,Orizaba,ICD,75.5,9,6,0,2,1,0
2282,alumno271_220323770379,Alumno271,Test271,alumno271_72608@test.com,20221027,2008-02-02,F,Casado,Orizaba,IGE,81.7,2,6,3,3,0,0
2283,alumno272_220323771391,Alumno272,Test272,alumno272_35496@test.com,20221027,2000-02-04,F,Soltero,Orizaba,ISC,78.6,10,4,0,1,0,1
2284,alumno273_220323772395,Alumno273,Test273,alumno273_32230@test.com,20221027,2000-02-04,F,Soltero,Orizaba,ISC,76.7,2,8,0,2,1,0
2285,alumno274_220323773402,Alumno274,Test274,alumno274_22267@test.com,20221027,1999-02-04,F,Soltero,Orizaba,IINF,83.2,4,8,0,0,1,0
2286,alumno275_220323774572,Alumno275,Test275,alumno275_35249@test.com,20221027,1998-02-04,F,Casado,Orizaba,ICD,91.3,9,5,2,1,0,0
2287,alumno276_220323775655,Alumno276,Test276,alumno276_50865@test.com,20221027,2001-02-03,M,Soltero,Orizaba,ICD,87.1,3,7,2,1,0,0
2288,alumno277_220323776683,Alumno277,Test277,alumno277_15998@test.com,20221027,2007-02-02,F,Soltero,Orizaba,IGE,79.3,2,8,1,0,0,0
2289,alumno278_220323777687,Alumno278,Test278,alumno278_52215@test.com,20221027,2003-02-03,F,Soltero,Orizaba,ISC,88.6,1,7,2,2,1,1
2290,alumno279_220323778705,Alumno279,Test279,alumno279_86707@test.com,20221027,2005-02-02,F,Soltero,Orizaba,IGE,71.9,7,7,1,2,0,0
2291,alumno280_220323779735,Alumno280,Test280,alumno280_17819@test.com,20221027,2008-02-02,M,Soltero,Orizaba,IINF,82.5,4,6,1,2,0,0
2292,alumno281_220323780739,Alumno281,Test281,alumno281_12576@test.com,20221028,2008-02-02,M,Soltero,Orizaba,ICD,90.9,4,4,2,3,0,0
2293,alumno282_220323783863,Alumno282,Test282,alumno282_22692@test.com,20221028,2001-02-03,F,Soltero,Orizaba,ICD,93.2,2,6,1,2,0,0
2294,alumno283_220323784867,Alumno283,Test283,alumno283_90430@test.com,20221028,1999-02-04,M,Soltero,Orizaba,ICD,91.9,3,6,2,0,1,0
2295,alumno284_220323785869,Alumno284,Test284,alumno284_43997@test.com,20221028,2000-02-04,F,Soltero,Orizaba,ICD,77.2,10,6,2,1,0,1
2296,alumno285_220323787889,Alumno285,Test285,alumno285_38373@test.com,20221028,1998-02-04,M,Casado,Orizaba,IGE,75.0,10,5,1,0,0,1
2297,alumno286_220323788904,Alumno286,Test286,alumno286_16790@test.com,20221028,2005-02-02,F,Soltero,Orizaba,ICD,80.9,6,4,2,3,1,0
2298,alumno287_220323789917,Alumno287,Test287,alumno287_64499@test.com,20221028,2000-02-04,F,Soltero,Orizaba,IGE,78.0,5,5,0,3,1,0
2299,alumno288_220323790943,Alumno288,Test288,alumno288_30082@test.com,20221028,2000-02-04,M,Soltero,Orizaba,IINF,84.3,10,8,3,1,0,1
2300,alumno289_220323792970,Alumno289,Test289,alumno289_98409@test.com,20221028,2005-02-02,M,Casado,Orizaba,ICD,85.2,10,5,1,0,1,0
2301,alumno290_220323793985,Alumno290,Test290,alumno290_53943@test.com,20221028,2000-02-04,M,Soltero,Orizaba,ICD,84.5,3,7,3,3,1,0
2302,alumno291_220323794988,Alumno291,Test291,alumno291_99761@test.com,20221029,2006-02-02,F,Soltero,Orizaba,ISC,94.1,1,5,0,2,0,1
2303,alumno292_220323796019,Alumno292,Test292,alumno292_94041@test.com,20221029,2005-02-02,F,Casado,Orizaba,ISC,79.9,2,8,3,3,1,0
2304,alumno293_220323798114,Alumno293,Test293,alumno293_97696@test.com,20221029,1999-02-04,F,Soltero,Orizaba,IGE,82.2,10,5,2,3,0,0
2305,alumno294_220323799117,Alumno294,Test294,alumno294_45007@test.com,20221029,2003-02-03,M,Soltero,Orizaba,IINF,77.4,8,7,3,3,0,0
2306,alumno295_220323800139,Alumno295,Test295,alumno295_32742@test.com,20221029,2007-02-02,M,Soltero,Orizaba,IINF,73.9,3,4,3,0,0,1
2307,alumno296_220323801142,Alumno296,Test296,alumno296_44613@test.com,20221029,2004-02-03,M,Soltero,Orizaba,ISC,87.0,6,6,1,0,0,1
2308,alumno297_220323801142,Alumno297,Test297,alumno297_82422@test.com,20221029,1998-02-04,F,Soltero,Orizaba,ISC,73.3,8,6,0,3,0,0
2309,alumno298_220323802144,Alumno298,Test298,alumno298_98315@test.com,20221029,2007-02-02,M,Casado,Orizaba,ISC,80.8,8,4,3,1,0,0
2310,alumno299_220323803184,Alumno299,Test299,alumno299_89100@test.com,20221029,2000-02-04,F,Soltero,Orizaba,IGE,92.5,8,4,0,0,1,0
2311,alumno300_220323804236,Alumno300,Test300,alumno300_89989@test.com,20221029,2000-02-04,M,Soltero,Orizaba,ISC,87.1,10,5,2,2,0,0
2312,alumno301_220323805239,Alumno301,Test301,alumno301_46349@test.com,20231030,1999-02-04,M,Soltero,Orizaba,ISC,89.5,8,8,2,2,0,1
2313,alumno302_220323806241,Alumno302,Test302,alumno302_69202@test.com,20231030,2004-02-03,F,Soltero,Orizaba,ISC,74.3,5,6,0,2,0,0
2314,alumno303_220323807256,Alumno303,Test303,alumno303_74674@test.com,20231030,1998-02-04,F,Casado,Orizaba,IGE,70.9,4,5,2,1,0,0
2315,alumno304_220323808260,Alumno304,Test304,alumno304_97085@test.com,20231030,2005-02-02,F,Soltero,Orizaba,IGE,75.1,1,8,3,3,0,0
2316,alumno305_220323809282,Alumno305,Test305,alumno305_31196@test.com,20231030,1998-02-04,M,Soltero,Orizaba,ISC,78.4,8,6,0,2,0,0
2317,alumno306_220323810349,Alumno306,Test306,alumno306_63798@test.com,20231030,2005-02-02,F,Casado,Orizaba,IINF,78.7,9,7,0,1,0,1
2318,alumno307_220323811351,Alumno307,Test307,alumno307_87441@test.com,20231030,2001-02-03,F,Soltero,Orizaba,IINF,79.9,7,5,1,2,0,0
2319,alumno308_220323812368,Alumno308,Test308,alumno308_74892@test.com,20231030,2000-02-04,F,Soltero,Orizaba,IGE,84.1,7,6,1,2,0,0
2320,alumno309_220323813408,Alumno309,Test309,alumno309_59755@test.com,20231030,2004-02-03,F,Soltero,Orizaba,IGE,78.7,3,8,1,1,0,0
2321,alumno310_220323814415,Alumno310,Test310,alumno310_32929@test.com,20231030,2005-02-02,M,Casado,Orizaba,ISC,85.2,10,6,3,3,0,1
2322,alumno311_220323815447,Alumno311,Test311,alumno311_96199@test.com,20231031,2006-02-02,F,Soltero,Orizaba,IGE,91.2,5,5,3,1,1,0
2323,alumno312_220323816450,Alumno312,Test312,alumno312_60114@test.com,20231031,1999-02-04,M,Soltero,Orizaba,ICD,90.4,3,5,3,3,1,0
2324,alumno313_220323817453,Alumno313,Test313,alumno313_60361@test.com,20231031,2004-02-03,M,Soltero,Orizaba,ICD,94.9,3,6,2,2,0,0
2325,alumno314_220323818473,Alumno314,Test314,alumno314_73675@test.com,20231031,2000-02-04,M,Soltero,Orizaba,IINF,74.1,10,4,3,1,0,1
2326,alumno315_220323819643,Alumno315,Test315,alumno315_75635@test.com,20231031,2003-02-03,F,Soltero,Orizaba,IGE,73.5,8,7,2,2,0,0
2327,alumno316_220323820647,Alumno316,Test316,alumno316_36262@test.com,20231031,2002-02-03,M,Soltero,Orizaba,IGE,84.9,4,5,0,0,0,0
2328,alumno317_220323821651,Alumno317,Test317,alumno317_60140@test.com,20231031,2006-02-02,F,Casado,Orizaba,ISC,90.6,9,5,1,2,0,0
2329,alumno318_220323822654,Alumno318,Test318,alumno318_33259@test.com,20231031,2007-02-02,F,Casado,Orizaba,IGE,80.6,4,6,3,3,1,0
2330,alumno319_220323823671,Alumno319,Test319,alumno319_49891@test.com,20231031,2007-02-02,F,Soltero,Orizaba,ICD,83.3,5,6,2,3,0,0
2331,alumno320_220323824677,Alumno320,Test320,alumno320_84978@test.com,20231031,2001-02-03,F,Casado,Orizaba,IGE,94.5,8,6,1,2,1,0
2332,alumno321_220323825707,Alumno321,Test321,alumno321_60607@test.com,20231032,2000-02-04,M,Soltero,Orizaba,ICD,87.2,4,5,2,3,0,0
2333,alumno322_220323826710,Alumno322,Test322,alumno322_78018@test.com,20231032,2003-02-03,F,Soltero,Orizaba,IINF,77.5,7,4,1,3,0,0
2334,alumno323_220323827712,Alumno323,Test323,alumno323_37663@test.com,20231032,2001-02-03,M,Soltero,Orizaba,ISC,85.7,4,5,3,3,0,1
2335,alumno324_220323830863,Alumno324,Test324,alumno324_16994@test.com,20231032,2003-02-03,M,Soltero,Orizaba,IGE,82.6,4,8,3,3,0,0
2336,alumno325_220323831943,Alumno325,Test325,alumno325_80939@test.com,20231032,2006-02-02,F,Soltero,Orizaba,ICD,76.6,5,4,1,0,0,0
2337,alumno326_220323832961,Alumno326,Test326,alumno326_12619@test.com,20231032,2001-02-03,F,Soltero,Orizaba,IINF,91.7,1,8,3,1,0,0
2338,alumno327_220323833992,Alumno327,Test327,alumno327_57482@test.com,20231032,2003-02-03,F,Soltero,Orizaba,IINF,82.1,2,7,2,2,0,1
2339,alumno328_220323833992,Alumno328,Test328,alumno328_25611@test.com,20231032,2000-02-04,M,Casado,Orizaba,IGE,79.7,9,4,0,1,0,0
2340,alumno329_220323834995,Alumno329,Test329,alumno329_44223@test.com,20231032,2003-02-03,M,Casado,Orizaba,ISC,89.4,7,8,0,0,0,0
2341,alumno330_220323836012,Alumno330,Test330,alumno330_63546@test.com,20231032,2007-02-02,F,Soltero,Orizaba,ICD,90.0,3,6,3,1,0,0
2342,alumno331_220323838021,Alumno331,Test331,alumno331_94274@test.com,20231033,2002-02-03,M,Casado,Orizaba,ISC,80.0,4,4,1,3,1,0
2343,alumno332_220323838021,Alumno332,Test332,alumno332_83048@test.com,20231033,1999-02-04,M,Soltero,Orizaba,IGE,91.9,3,6,2,3,0,0
2344,alumno333_220323839123,Alumno333,Test333,alumno333_12131@test.com,20231033,2006-02-02,F,Soltero,Orizaba,IINF,71.8,3,4,2,1,0,0
2345,alumno334_220323840157,Alumno334,Test334,alumno334_95958@test.com,20231033,2008-02-02,F,Soltero,Orizaba,ICD,72.6,9,4,1,0,0,1
2346,alumno335_220323841160,Alumno335,Test335,alumno335_12921@test.com,20231033,2008-02-02,M,Soltero,Orizaba,ICD,81.0,6,5,1,0,0,0
2347,alumno336_220323842163,Alumno336,Test336,alumno336_35006@test.com,20231033,2008-02-02,M,Soltero,Orizaba,ICD,90.1,7,6,3,0,0,0
2348,alumno337_220323843165,Alumno337,Test337,alumno337_80279@test.com,20231033,2000-02-04,F,Soltero,Orizaba,ICD,71.8,6,6,3,0,1,0
2349,alumno338_220323844483,Alumno338,Test338,alumno338_42425@test.com,20231033,2008-02-02,F,Casado,Orizaba,ICD,93.7,3,8,1,3,1,0
2350,alumno339_220323845509,Alumno339,Test339,alumno339_24998@test.com,20231033,1999-02-04,M,Soltero,Orizaba,IGE,80.5,1,6,0,1,1,0
2351,alumno340_220323846539,Alumno340,Test340,alumno340_50741@test.com,20231033,2006-02-02,M,Casado,Orizaba,ICD,92.9,4,6,0,0,0,1
2352,alumno341_220323848551,Alumno341,Test341,alumno341_76430@test.com,20231034,2007-02-02,F,Soltero,Orizaba,IGE,84.4,3,5,1,3,1,0
2353,alumno342_220323849559,Alumno342,Test342,alumno342_63375@test.com,20231034,2005-02-02,M,Soltero,Orizaba,IGE,80.3,7,4,3,1,0,1
2354,alumno343_220323850854,Alumno343,Test343,alumno343_38733@test.com,20231034,2005-02-02,F,Soltero,Orizaba,ISC,89.6,6,8,1,3,1,0
2355,alumno344_220323851856,Alumno344,Test344,alumno344_11082@test.com,20231034,2007-02-02,F,Casado,Orizaba,ISC,78.9,9,5,3,2,0,0
2356,alumno345_220323852862,Alumno345,Test345,alumno345_12934@test.com,20231034,2003-02-03,M,Soltero,Orizaba,ISC,76.1,5,8,2,2,0,0
2357,alumno346_220323854878,Alumno346,Test346,alumno346_26201@test.com,20231034,2008-02-02,F,Soltero,Orizaba,IINF,70.7,8,4,0,1,1,0
2358,alumno347_220323856085,Alumno347,Test347,alumno347_17081@test.com,20231034,2002-02-03,F,Soltero,Orizaba,ICD,85.4,1,8,2,0,0,1
2359,alumno348_220323857206,Alumno348,Test348,alumno348_21442@test.com,20231034,2007-02-02,M,Soltero,Orizaba,ICD,79.1,6,7,1,2,0,0
2360,alumno349_220323858239,Alumno349,Test349,alumno349_41461@test.com,20231034,2004-02-03,M,Soltero,Orizaba,ISC,91.5,1,4,1,3,1,0
2361,alumno350_220323859242,Alumno350,Test350,alumno350_90323@test.com,20231034,2002-02-03,M,Soltero,Orizaba,ISC,75.6,8,6,2,1,1,1
2362,alumno351_220323861323,Alumno351,Test351,alumno351_79514@test.com,20231035,1998-02-04,F,Soltero,Orizaba,IGE,82.8,6,4,2,1,0,1
2363,alumno352_220323862354,Alumno352,Test352,alumno352_42037@test.com,20231035,2006-02-02,M,Soltero,Orizaba,ISC,75.4,8,6,3,1,1,0
2364,alumno353_220323863357,Alumno353,Test353,alumno353_34409@test.com,20231035,2007-02-02,F,Soltero,Orizaba,IINF,88.8,3,5,0,0,0,0
2365,alumno354_220323863357,Alumno354,Test354,alumno354_18001@test.com,20231035,1998-02-04,M,Soltero,Orizaba,ISC,82.9,3,8,0,0,0,0
2366,alumno355_220323864380,Alumno355,Test355,alumno355_52569@test.com,20231035,2006-02-02,F,Soltero,Orizaba,ICD,74.9,8,7,0,3,0,1
2367,alumno356_220323865384,Alumno356,Test356,alumno356_70718@test.com,20231035,2008-02-02,F,Soltero,Orizaba,ISC,79.4,9,5,2,1,1,0
2368,alumno357_220323866572,Alumno357,Test357,alumno357_89975@test.com,20231035,2003-02-03,F,Soltero,Orizaba,ISC,74.1,7,6,3,3,0,0
2369,alumno358_220323867575,Alumno358,Test358,alumno358_12829@test.com,20231035,2006-02-02,M,Casado,Orizaba,ISC,89.9,1,5,1,2,0,0
2370,alumno359_220323868591,Alumno359,Test359,alumno359_54327@test.com,20231035,2001-02-03,M,Soltero,Orizaba,ICD,85.0,9,4,2,2,0,0
2371,alumno360_220323871601,Alumno360,Test360,alumno360_66652@test.com,20231035,2005-02-02,M,Soltero,Orizaba,ICD,90.6,3,5,3,0,0,0
2372,alumno361_220323872601,Alumno361,Test361,alumno361_65632@test.com,20231036,2007-02-02,M,Soltero,Orizaba,ICD,87.7,8,6,0,3,1,0
2373,alumno362_220323874928,Alumno362,Test362,alumno362_72045@test.com,20231036,2002-02-03,F,Soltero,Orizaba,ICD,71.7,7,7,1,1,0,0
2374,alumno363_220323875968,Alumno363,Test363,alumno363_42730@test.com,20231036,1999-02-04,M,Casado,Orizaba,ICD,90.0,5,5,0,1,0,0
2375,alumno364_220323877441,Alumno364,Test364,alumno364_50047@test.com,20231036,1998-02-04,F,Soltero,Orizaba,ISC,89.5,5,8,3,0,0,1
2376,alumno365_220323878460,Alumno365,Test365,alumno365_70901@test.com,20231036,2003-02-03,M,Soltero,Orizaba,ISC,81.6,9,6,3,1,0,0
2377,alumno366_220323879483,Alumno366,Test366,alumno366_53932@test.com,20231036,2005-02-02,M,Casado,Orizaba,IGE,75.1,4,5,3,3,1,0
2378,alumno367_220323880487,Alumno367,Test367,alumno367_13314@test.com,20231036,1998-02-04,M,Casado,Orizaba,ICD,84.1,1,6,3,0,1,0
2379,alumno368_220323881491,Alumno368,Test368,alumno368_83132@test.com,20231036,2008-02-02,M,Soltero,Orizaba,IINF,78.2,10,6,1,2,0,0
2380,alumno369_220323882525,Alumno369,Test369,alumno369_13926@test.com,20231036,2000-02-04,M,Soltero,Orizaba,ICD,93.7,8,4,0,2,0,0
2381,alumno370_220323882525,Alumno370,Test370,alumno370_50160@test.com,20231036,1999-02-04,F,Soltero,Orizaba,ISC,85.6,7,8,1,1,1,0
2382,alumno371_220323883543,Alumno371,Test371,alumno371_82459@test.com,20231037,2007-02-02,M,Soltero,Orizaba,IGE,80.5,5,5,3,1,0,1
2383,alumno372_220323884590,Alumno372,Test372,alumno372_81895@test.com,20231037,1999-02-04,M,Soltero,Orizaba,ISC,85.8,2,8,0,3,0,0
2384,alumno373_220323885594,Alumno373,Test373,alumno373_76415@test.com,20231037,2004-02-03,M,Soltero,Orizaba,ISC,84.6,1,5,1,3,0,0
2385,alumno374_220323887606,Alumno374,Test374,alumno374_56375@test.com,20231037,2001-02-03,F,Soltero,Orizaba,ICD,83.9,4,4,0,2,0,0
2386,alumno375_220323887606,Alumno375,Test375,alumno375_42581@test.com,20231037,2001-02-03,M,Soltero,Orizaba,ISC,85.2,3,7,0,1,0,0
2387,alumno376_220323888612,Alumno376,Test376,alumno376_43362@test.com,20231037,2001-02-03,F,Soltero,Orizaba,ICD,73.3,6,8,3,0,0,1
2388,alumno377_220323889619,Alumno377,Test377,alumno377_61946@test.com,20231037,1999-02-04,M,Casado,Orizaba,ISC,86.1,10,6,3,2,0,0
2389,alumno378_220323891914,Alumno378,Test378,alumno378_29902@test.com,20231037,2006-02-02,M,Soltero,Orizaba,ISC,79.8,9,4,0,1,0,0
2390,alumno379_220323892919,Alumno379,Test379,alumno379_39765@test.com,20231037,2007-02-02,F,Soltero,Orizaba,IGE,83.5,4,8,0,2,0,0
2391,alumno380_220323893923,Alumno380,Test380,alumno380_69883@test.com,20231037,2002-02-03,F,Soltero,Orizaba,ICD,72.4,8,8,3,1,0,0
2392,alumno381_220323894926,Alumno381,Test381,alumno381_45380@test.com,20231038,1999-02-04,M,Soltero,Orizaba,IINF,90.8,2,6,0,0,1,0
2393,alumno382_220323895949,Alumno382,Test382,alumno382_18202@test.com,20231038,2005-02-02,M,Soltero,Orizaba,ISC,83.0,9,8,0,2,0,0
2394,alumno383_220323895949,Alumno383,Test383,alumno383_53197@test.com,20231038,2004-02-03,M,Soltero,Orizaba,ISC,80.2,10,6,2,3,1,0
2395,alumno384_220323896952,Alumno384,Test384,alumno384_97987@test.com,20231038,2006-02-02,M,Soltero,Orizaba,ISC,70.2,6,8,3,0,0,0
2396,alumno385_220323897990,Alumno385,Test385,alumno385_79221@test.com,20231038,2000-02-04,M,Soltero,Orizaba,ICD,86.6,4,6,2,1,0,0
2397,alumno386_220323899006,Alumno386,Test386,alumno386_68687@test.com,20231038,2003-02-03,F,Soltero,Orizaba,ISC,70.3,2,4,0,1,1,0
2398,alumno387_220323900027,Alumno387,Test387,alumno387_61027@test.com,20231038,2001-02-03,M,Casado,Orizaba,ISC,76.6,8,8,0,1,0,0
2399,alumno388_220323901048,Alumno388,Test388,alumno388_98273@test.com,20231038,2007-02-02,M,Soltero,Orizaba,IINF,83.2,6,5,3,1,1,0
2400,alumno389_220323904079,Alumno389,Test389,alumno389_93790@test.com,20231038,1998-02-04,F,Soltero,Orizaba,ICD,94.1,4,6,0,1,0,0
2401,alumno390_220323906079,Alumno390,Test390,alumno390_59839@test.com,20231038,2008-02-02,M,Casado,Orizaba,IGE,82.5,1,6,2,1,0,1
2402,alumno391_220323908099,Alumno391,Test391,alumno391_59693@test.com,20231039,2007-02-02,M,Soltero,Orizaba,IGE,70.6,4,7,3,2,0,0
2403,alumno392_220323909151,Alumno392,Test392,alumno392_29961@test.com,20231039,2000-02-04,F,Soltero,Orizaba,IGE,71.7,8,7,2,3,0,0
2404,alumno393_220323910155,Alumno393,Test393,alumno393_33984@test.com,20231039,1999-02-04,M,Soltero,Orizaba,IGE,85.3,4,7,2,2,0,0
2405,alumno394_220323912162,Alumno394,Test394,alumno394_81269@test.com,20231039,2003-02-03,F,Soltero,Orizaba,IGE,80.0,4,6,3,3,0,0
2406,alumno395_220323913426,Alumno395,Test395,alumno395_20797@test.com,20231039,2008-02-02,M,Soltero,Orizaba,IINF,84.6,9,5,3,1,1,0
2407,alumno396_220323914447,Alumno396,Test396,alumno396_27155@test.com,20231039,2007-02-02,M,Casado,Orizaba,IINF,76.3,2,7,1,3,0,0
2408,alumno397_220323915451,Alumno397,Test397,alumno397_52098@test.com,20231039,2000-02-04,F,Soltero,Orizaba,IINF,73.9,6,7,0,3,0,0
2409,alumno398_220323916458,Alumno398,Test398,alumno398_15154@test.com,20231039,2005-02-02,M,Casado,Orizaba,IINF,83.8,7,8,2,1,0,0
2410,alumno399_220323917463,Alumno399,Test399,alumno399_50051@test.com,20231039,2002-02-03,M,Casado,Orizaba,IINF,81.4,7,7,3,2,1,0
2411,alumno400_220323919520,Alumno400,Test400,alumno400_77821@test.com,20231039,2001-02-03,F,Soltero,Orizaba,ICD,87.3,6,7,3,0,0,0
2412,alumno401_220323921525,Alumno401,Test401,alumno401_22895@test.com,20241040,2001-02-03,M,Soltero,Orizaba,IGE,87.3,2,7,0,0,1,0
2413,alumno402_220323922922,Alumno402,Test402,alumno402_64077@test.com,20241040,2000-02-04,F,Soltero,Orizaba,ISC,84.0,8,8,1,2,0,0
2414,alumno403_220323924972,Alumno403,Test403,alumno403_63545@test.com,20241040,1998-02-04,F,Soltero,Orizaba,IINF,76.3,5,5,1,1,0,1
2415,alumno404_220323926079,Alumno404,Test404,alumno404_15355@test.com,20241040,2006-02-02,M,Soltero,Orizaba,ISC,86.4,2,4,2,3,0,0
2416,alumno405_220323927095,Alumno405,Test405,alumno405_73850@test.com,20241040,2008-02-02,F,Soltero,Orizaba,IINF,93.5,4,7,1,1,0,0
2417,alumno406_220323928099,Alumno406,Test406,alumno406_35260@test.com,20241040,2001-02-03,M,Casado,Orizaba,IGE,72.4,1,8,0,0,1,0
2418,alumno407_220323929138,Alumno407,Test407,alumno407_66633@test.com,20241040,2002-02-03,F,Soltero,Orizaba,IGE,91.8,2,8,1,1,1,1
2419,alumno408_220323930140,Alumno408,Test408,alumno408_94208@test.com,20241040,2006-02-02,F,Soltero,Orizaba,IGE,85.7,4,8,3,3,0,0
2420,alumno409_220323932139,Alumno409,Test409,alumno409_68917@test.com,20241040,2007-02-02,M,Soltero,Orizaba,IINF,89.9,3,7,1,2,0,1
2421,alumno410_220323933139,Alumno410,Test410,alumno410_90087@test.com,20241040,2004-02-03,F,Soltero,Orizaba,IINF,87.7,7,4,3,3,1,1
2422,alumno411_220323935140,Alumno411,Test411,alumno411_20365@test.com,20241041,2006-02-02,M,Soltero,Orizaba,ISC,82.2,4,7,2,3,1,0
2423,alumno412_220323937457,Alumno412,Test412,alumno412_74690@test.com,20241041,1998-02-04,M,Soltero,Orizaba,ICD,83.1,4,8,0,2,0,0
2424,alumno413_220323939755,Alumno413,Test413,alumno413_15180@test.com,20241041,2005-02-02,M,Soltero,Orizaba,ICD,86.2,8,6,2,2,1,0
2425,alumno414_220323940933,Alumno414,Test414,alumno414_35758@test.com,20241041,1998-02-04,M,Soltero,Orizaba,IGE,73.5,2,6,1,3,1,0
2426,alumno415_220323941939,Alumno415,Test415,alumno415_91675@test.com,20241041,2000-02-04,M,Soltero,Orizaba,ICD,94.1,3,5,3,0,0,0
2427,alumno416_220323942944,Alumno416,Test416,alumno416_30427@test.com,20241041,2002-02-03,F,Soltero,Orizaba,ISC,92.0,9,7,1,3,0,1
2428,alumno417_220323942944,Alumno417,Test417,alumno417_36526@test.com,20241041,2006-02-02,F,Soltero,Orizaba,ISC,94.0,1,7,0,2,1,1
2429,alumno418_220323943966,Alumno418,Test418,alumno418_57597@test.com,20241041,2006-02-02,M,Soltero,Orizaba,ISC,73.3,6,6,0,2,0,0
2430,alumno419_220323944974,Alumno419,Test419,alumno419_37233@test.com,20241041,2002-02-03,M,Soltero,Orizaba,IGE,82.0,8,4,1,1,0,1
2431,alumno420_220323945977,Alumno420,Test420,alumno420_16201@test.com,20241041,1998-02-04,F,Casado,Orizaba,IINF,85.3,9,5,1,1,0,0
2432,alumno421_220323946981,Alumno421,Test421,alumno421_83888@test.com,20241042,1998-02-04,F,Soltero,Orizaba,ICD,74.2,8,6,0,1,1,0
2433,alumno422_220323947984,Alumno422,Test422,alumno422_56387@test.com,20241042,2007-02-02,M,Soltero,Orizaba,ICD,71.3,6,8,3,0,0,0
2434,alumno423_220323948987,Alumno423,Test423,alumno423_62530@test.com,20241042,2006-02-02,M,Soltero,Orizaba,ICD,70.4,10,8,3,1,0,0
2435,alumno424_220323949991,Alumno424,Test424,alumno424_85696@test.com,20241042,2000-02-04,F,Casado,Orizaba,ISC,82.0,1,5,1,1,0,0
2436,alumno425_220323950994,Alumno425,Test425,alumno425_58871@test.com,20241042,2008-02-02,M,Soltero,Orizaba,ISC,83.9,10,4,1,0,0,0
2437,alumno426_220323951998,Alumno426,Test426,alumno426_44081@test.com,20241042,2004-02-03,M,Soltero,Orizaba,IINF,81.2,5,5,3,3,0,1
2438,alumno427_220323953050,Alumno427,Test427,alumno427_17580@test.com,20241042,2007-02-02,M,Casado,Orizaba,ISC,84.4,6,4,0,1,1,0
2439,alumno428_220323955535,Alumno428,Test428,alumno428_81469@test.com,20241042,2008-02-02,F,Soltero,Orizaba,ISC,92.2,10,7,3,2,0,0
2440,alumno429_220323956632,Alumno429,Test429,alumno429_90223@test.com,20241042,2001-02-03,M,Soltero,Orizaba,ICD,88.1,5,7,0,2,1,0
2441,alumno430_220323957638,Alumno430,Test430,alumno430_38079@test.com,20241042,2001-02-03,M,Soltero,Orizaba,ISC,93.8,6,8,0,3,0,0
2442,alumno431_220323961777,Alumno431,Test431,alumno431_88582@test.com,20241043,1998-02-04,F,Soltero,Orizaba,IINF,76.6,6,8,0,0,0,1
2443,alumno432_220323962863,Alumno432,Test432,alumno432_88128@test.com,20241043,2001-02-03,M,Soltero,Orizaba,IINF,93.9,8,4,2,3,0,0
2444,alumno433_220323962863,Alumno433,Test433,alumno433_44599@test.com,20241043,2008-02-02,F,Soltero,Orizaba,IINF,72.2,3,7,2,0,0,0
2445,alumno434_220323963908,Alumno434,Test434,alumno434_15656@test.com,20241043,2004-02-03,F,Soltero,Orizaba,IGE,73.3,4,5,1,2,1,0
2446,alumno435_220323964913,Alumno435,Test435,alumno435_37461@test.com,20241043,2005-02-02,F,Soltero,Orizaba,IINF,93.1,8,4,1,0,0,1
2447,alumno436_220323965916,Alumno436,Test436,alumno436_52223@test.com,20241043,1998-02-04,F,Soltero,Orizaba,ICD,80.5,6,8,0,1,0,1
2448,alumno437_220323966969,Alumno437,Test437,alumno437_51120@test.com,20241043,2007-02-02,M,Soltero,Orizaba,IINF,92.3,4,4,0,1,1,0
2449,alumno438_220323967995,Alumno438,Test438,alumno438_31090@test.com,20241043,2000-02-04,F,Soltero,Orizaba,ISC,73.3,10,6,0,3,0,1
2450,alumno439_220323969030,Alumno439,Test439,alumno439_56098@test.com,20241043,2003-02-03,M,Soltero,Orizaba,ISC,76.8,7,5,0,1,0,0
2451,alumno440_220323971207,Alumno440,Test440,alumno440_70722@test.com,20241043,2003-02-03,F,Soltero,Orizaba,IINF,87.0,9,5,3,0,1,0
2452,alumno441_220323972222,Alumno441,Test441,alumno441_55885@test.com,20241044,1998-02-04,M,Soltero,Orizaba,IGE,93.0,7,7,0,3,1,1
2453,alumno442_220323973240,Alumno442,Test442,alumno442_14319@test.com,20241044,2003-02-03,F,Soltero,Orizaba,ICD,94.8,3,6,3,0,0,0
2454,alumno443_220323974262,Alumno443,Test443,alumno443_10466@test.com,20241044,2008-02-02,M,Soltero,Orizaba,IGE,77.9,1,6,2,2,0,1
2455,alumno444_220323975277,Alumno444,Test444,alumno444_44972@test.com,20241044,2003-02-03,F,Soltero,Orizaba,ISC,83.0,7,8,2,2,0,0
2456,alumno445_220323976286,Alumno445,Test445,alumno445_22156@test.com,20241044,2003-02-03,F,Soltero,Orizaba,ISC,78.2,10,7,3,2,0,0
2457,alumno446_220323978501,Alumno446,Test446,alumno446_55088@test.com,20241044,2008-02-02,M,Soltero,Orizaba,ICD,90.9,2,8,1,1,0,0
2458,alumno447_220323979504,Alumno447,Test447,alumno447_36724@test.com,20241044,2001-02-03,F,Soltero,Orizaba,IINF,91.2,10,7,2,3,0,0
2459,alumno448_220323980510,Alumno448,Test448,alumno448_47345@test.com,20241044,2001-02-03,M,Soltero,Orizaba,IINF,79.2,3,4,1,3,0,0
2460,alumno449_220323981535,Alumno449,Test449,alumno449_67919@test.com,20241044,2000-02-04,M,Soltero,Orizaba,IGE,93.5,4,8,1,1,0,0
2461,alumno450_220323982542,Alumno450,Test450,alumno450_26143@test.com,20241044,2004-02-03,M,Soltero,Orizaba,IGE,87.5,6,5,3,2,1,1
2462,alumno451_220323983571,Alumno451,Test451,alumno451_90181@test.com,20241045,2004-02-03,M,Casado,Orizaba,ICD,70.7,10,8,3,2,0,1
2463,alumno452_220323984599,Alumno452,Test452,alumno452_91899@test.com,20241045,2005-02-02,M,Soltero,Orizaba,IINF,83.9,8,5,3,0,1,0
2464,alumno453_220323985626,Alumno453,Test453,alumno453_50594@test.com,20241045,2003-02-03,M,Soltero,Orizaba,IGE,94.4,4,7,2,1,0,0
2465,alumno454_220323986631,Alumno454,Test454,alumno454_57664@test.com,20241045,1998-02-04,F,Soltero,Orizaba,ISC,90.0,8,4,2,2,0,1
2466,alumno455_220323987635,Alumno455,Test455,alumno455_86221@test.com,20241045,2000-02-04,M,Casado,Orizaba,ISC,88.0,7,6,2,3,0,0
2467,alumno456_220323988659,Alumno456,Test456,alumno456_21021@test.com,20241045,2003-02-03,M,Casado,Orizaba,IGE,77.1,7,6,0,2,1,0
2468,alumno457_220323989665,Alumno457,Test457,alumno457_36029@test.com,20241045,2001-02-03,M,Soltero,Orizaba,IINF,78.4,8,7,2,1,0,0
2469,alumno458_220323990687,Alumno458,Test458,alumno458_39031@test.com,20241045,1998-02-04,F,Soltero,Orizaba,IGE,81.9,2,4,2,3,0,0
2470,alumno459_220323991745,Alumno459,Test459,alumno459_30644@test.com,20241045,2000-02-04,M,Soltero,Orizaba,IGE,83.7,5,6,1,0,0,0
2471,alumno460_220323992748,Alumno460,Test460,alumno460_93087@test.com,20241045,2000-02-04,M,Soltero,Orizaba,ICD,79.4,1,5,3,0,0,0
2472,alumno461_220323993761,Alumno461,Test461,alumno461_37766@test.com,20241046,2005-02-02,F,Soltero,Orizaba,IGE,89.9,3,6,3,2,0,0
2473,alumno462_220323994791,Alumno462,Test462,alumno462_15912@test.com,20241046,2006-02-02,F,Soltero,Orizaba,ICD,74.0,2,5,1,0,0,0
2474,alumno463_220323995821,Alumno463,Test463,alumno463_15692@test.com,20241046,2008-02-02,F,Soltero,Orizaba,IINF,85.0,6,8,0,3,1,0
2475,alumno464_220323995821,Alumno464,Test464,alumno464_65415@test.com,20241046,1998-02-04,M,Casado,Orizaba,IGE,83.8,4,5,3,3,0,0
2476,alumno465_220323996877,Alumno465,Test465,alumno465_14474@test.com,20241046,2003-02-03,M,Soltero,Orizaba,ISC,76.2,10,6,2,2,0,0
2477,alumno466_220323997881,Alumno466,Test466,alumno466_69211@test.com,20241046,1998-02-04,F,Soltero,Orizaba,ISC,85.0,6,5,0,0,0,1
2478,alumno467_220323998884,Alumno467,Test467,alumno467_61519@test.com,20241046,2000-02-04,F,Soltero,Orizaba,IGE,93.1,8,4,2,3,0,0
2479,alumno468_220323999911,Alumno468,Test468,alumno468_12876@test.com,20241046,2004-02-03,F,Soltero,Orizaba,ISC,90.9,4,4,2,1,1,0
2480,alumno469_220324001007,Alumno469,Test469,alumno469_51533@test.com,20241046,2001-02-03,F,Casado,Orizaba,IINF,78.8,5,7,0,1,1,1
2481,alumno470_220324002098,Alumno470,Test470,alumno470_92925@test.com,20241046,1999-02-04,M,Soltero,Orizaba,IGE,83.1,1,7,3,0,1,0
2482,alumno471_220324003103,Alumno471,Test471,alumno471_87800@test.com,20241047,2003-02-03,M,Soltero,Orizaba,ICD,85.2,6,7,1,2,0,0
2483,alumno472_220324005128,Alumno472,Test472,alumno472_21974@test.com,20241047,1998-02-04,M,Soltero,Orizaba,IGE,70.3,6,4,3,0,0,0
2484,alumno473_220324006137,Alumno473,Test473,alumno473_56126@test.com,20241047,2000-02-04,M,Soltero,Orizaba,ISC,82.7,3,6,0,3,0,1
2485,alumno474_220324008147,Alumno474,Test474,alumno474_35259@test.com,20241047,2007-02-02,M,Soltero,Orizaba,ICD,93.7,6,8,2,0,0,0
2486,alumno475_220324009151,Alumno475,Test475,alumno475_68969@test.com,20241047,1998-02-04,M,Soltero,Orizaba,IINF,77.8,10,8,3,3,1,0
2487,alumno476_220324010152,Alumno476,Test476,alumno476_85264@test.com,20241047,2002-02-03,F,Soltero,Orizaba,ISC,81.0,9,5,2,0,0,0
2488,alumno477_220324011151,Alumno477,Test477,alumno477_86984@test.com,20241047,2003-02-03,F,Soltero,Orizaba,IINF,92.1,2,5,0,3,0,0
2489,alumno478_220324012153,Alumno478,Test478,alumno478_74733@test.com,20241047,1999-02-04,F,Soltero,Orizaba,IINF,77.4,6,6,1,3,0,1
2490,alumno479_220324013153,Alumno479,Test479,alumno479_83584@test.com,20241047,2001-02-03,F,Soltero,Orizaba,IGE,94.3,8,4,0,0,1,0
2491,alumno480_220324014153,Alumno480,Test480,alumno480_92562@test.com,20241047,2003-02-03,F,Soltero,Orizaba,IINF,77.4,2,4,2,0,0,0
2492,alumno481_220324014153,Alumno481,Test481,alumno481_15707@test.com,20241048,2001-02-03,M,Soltero,Orizaba,IGE,92.6,7,7,3,2,0,0
2493,alumno482_220324016154,Alumno482,Test482,alumno482_83516@test.com,20241048,1998-02-04,F,Casado,Orizaba,IGE,90.4,3,8,3,0,0,0
2494,alumno483_220324017154,Alumno483,Test483,alumno483_83528@test.com,20241048,2007-02-02,F,Casado,Orizaba,ICD,85.7,4,7,0,3,0,0
2495,alumno484_220324018155,Alumno484,Test484,alumno484_57645@test.com,20241048,2008-02-02,M,Soltero,Orizaba,IINF,87.3,5,6,3,0,0,0
2496,alumno485_220324019155,Alumno485,Test485,alumno485_87657@test.com,20241048,2001-02-03,M,Soltero,Orizaba,IINF,80.4,5,7,1,2,1,0
2497,alumno486_220324021160,Alumno486,Test486,alumno486_59179@test.com,20241048,1998-02-04,M,Soltero,Orizaba,ISC,86.1,1,6,3,3,1,0
2498,alumno487_220324022161,Alumno487,Test487,alumno487_33025@test.com,20241048,2005-02-02,M,Casado,Orizaba,IINF,87.0,7,8,3,3,0,0
2499,alumno488_220324024162,Alumno488,Test488,alumno488_21180@test.com,20241048,2001-02-03,M,Soltero,Orizaba,ICD,84.7,9,8,0,1,0,0
2500,alumno489_220324025160,Alumno489,Test489,alumno489_63482@test.com,20241048,2007-02-02,M,Soltero,Orizaba,ICD,82.7,10,8,2,1,0,0
2501,alumno490_220324026161,Alumno490,Test490,alumno490_49408@test.com,20241048,2008-02-02,F,Soltero,Orizaba,IGE,91.4,10,4,3,1,0,0
2502,alumno491_220324028162,Alumno491,Test491,alumno491_84204@test.com,20241049,2001-02-03,F,Soltero,Orizaba,ICD,82.3,4,8,3,1,0,0
2503,alumno492_220324029162,Alumno492,Test492,alumno492_42658@test.com,20241049,2005-02-02,F,Soltero,Orizaba,IINF,91.4,3,5,0,2,0,0
2504,alumno493_220324030162,Alumno493,Test493,alumno493_24070@test.com,20241049,2006-02-02,M,Soltero,Orizaba,IGE,94.6,1,8,1,0,0,0
2505,alumno494_220324031328,Alumno494,Test494,alumno494_47223@test.com,20241049,2005-02-02,M,Soltero,Orizaba,IGE,94.9,9,7,0,3,0,0
2506,alumno495_220324032331,Alumno495,Test495,alumno495_38688@test.com,20241049,1999-02-04,F,Soltero,Orizaba,ICD,88.3,2,8,0,2,0,1
2507,alumno496_220324033335,Alumno496,Test496,alumno496_22022@test.com,20241049,2005-02-02,M,Soltero,Orizaba,ICD,74.1,3,7,3,3,1,1
2508,alumno497_220324034336,Alumno497,Test497,alumno497_59218@test.com,20241049,2002-02-03,M,Soltero,Orizaba,IINF,91.1,2,7,1,0,1,0
2509,alumno498_220324036492,Alumno498,Test498,alumno498_87732@test.com,20241049,2003-02-03,F,Soltero,Orizaba,ISC,78.8,3,5,2,2,0,1
2510,alumno499_220324037503,Alumno499,Test499,alumno499_53752@test.com,20241049,1999-02-04,M,Soltero,Orizaba,ISC,78.5,10,6,0,1,0,0
2511,alumno500_220324038529,Alumno500,Test500,alumno500_24303@test.com,20241049,2007-02-02,F,Soltero,Orizaba,ICD,88.7,8,5,3,1,1,0
